"","membership_id","check_in_date","check_in_time","check_out_time"
"1","NL318",20180212,329,365
"2","NL318",20170811,469,920
"3","NL318",20180429,506,554
"4","NL318",20180128,124,759
"5","NL318",20171027,418,1019
"6","NL318",20171018,608,1074
"7","NL318",20171127,850,954
"8","NL318",20170627,591,715
"9","NL318",20180114,777,813
"10","NL318",20171107,148,460
"11","NL318",20170420,647,1113
"12","NL318",20180110,476,498
"13","NL318",20171206,892,1197
"14","NL318",20180220,272,1118
"15","NL318",20170527,851,1111
"16","NL318",20170625,201,542
"17","NL318",20170324,236,1043
"18","NL318",20180224,262,438
"19","NL318",20170507,645,1047
"20","NL318",20180216,86,649
"21","NL318",20170120,1015,1104
"22","NL318",20170220,367,567
"23","NL318",20170417,366,649
"24","NL318",20170820,237,1110
"25","NL318",20170121,476,648
"26","NL318",20180116,374,1130
"27","AOE21",20180414,1034,1087
"28","AOE21",20170220,932,1181
"29","AOE21",20170802,1027,1055
"30","AOE21",20171106,968,1043
"31","AOE21",20180112,492,867
"32","AOE21",20171103,647,758
"33","AOE21",20170530,734,1118
"34","AOE21",20170726,721,1093
"35","2PN28",20170122,866,944
"36","2PN28",20171229,499,815
"37","2PN28",20170823,21,652
"38","2PN28",20170718,211,570
"39","2PN28",20170414,697,936
"40","2PN28",20170309,109,181
"41","2PN28",20171121,970,1153
"42","2PN28",20170615,652,1167
"43","0YJ24",20170501,485,838
"44","0YJ24",20170614,671,760
"45","0YJ24",20180425,1084,1094
"46","0YJ24",20170824,130,508
"47","0YJ24",20180422,1074,1133
"48","0YJ24",20170210,390,536
"49","0YJ24",20180426,1079,1106
"50","0YJ24",20170806,1157,1200
"51","0YJ24",20180313,1068,1102
"52","0YJ24",20180331,838,894
"53","0YJ24",20170726,362,610
"54","0YJ24",20180329,910,929
"55","0YJ24",20171007,617,964
"56","3A08L",20170917,189,299
"57","3A08L",20180310,1071,1099
"58","3A08L",20170524,248,1196
"59","6W6I2",20180202,774,952
"60","6W6I2",20180126,128,388
"61","6W6I2",20180123,177,819
"62","6W6I2",20170215,1017,1108
"63","6W6I2",20170219,843,972
"64","6W6I2",20170721,1126,1173
"65","5Y28Y",20170610,983,1198
"66","5Y28Y",20170415,652,916
"67","5Y28Y",20180207,266,715
"68","156A7",20170411,371,907
"69","156A7",20180113,779,964
"70","156A7",20171002,995,1188
"71","156A7",20170821,590,954
"72","156A7",20170517,196,761
"73","156A7",20171024,65,590
"74","156A7",20180329,596,917
"75","156A7",20180128,120,990
"76","156A7",20171013,899,1045
"77","156A7",20170708,693,1078
"78","156A7",20180104,1149,1168
"79","156A7",20180327,213,508
"80","156A7",20170909,638,1084
"81","156A7",20170516,866,1012
"82","156A7",20171231,552,1127
"83","156A7",20170405,276,308
"84","156A7",20180106,241,311
"85","156A7",20170827,759,1015
"86","156A7",20170114,756,859
"87","156A7",20170629,202,463
"88","156A7",20170330,432,934
"89","156A7",20171201,1020,1112
"90","156A7",20170409,1130,1164
"91","156A7",20170630,159,633
"92","156A7",20170409,78,796
"93","156A7",20170518,150,724
"94","156A7",20170524,95,413
"95","156A7",20170212,1055,1069
"96","156A7",20180424,812,989
"97","A5N3S",20171101,646,1102
"98","A5N3S",20171025,105,596
"99","A5N3S",20170815,1028,1197
"100","A5N3S",20170221,203,401
"101","A5N3S",20180101,812,1046
"102","A5N3S",20170313,604,955
"103","A5N3S",20171201,80,174
"104","A5N3S",20170127,579,695
"105","A5N3S",20180316,436,1091
"106","A5N3S",20170121,1174,1185
"107","A5N3S",20171008,504,1122
"108","A5N3S",20170226,94,525
"109","A5N3S",20170924,392,1179
"110","A5N3S",20170921,712,1032
"111","A5N3S",20171110,755,1144
"112","X0643",20170516,798,1178
"113","X0643",20170114,65,287
"114","X0643",20180109,957,1164
"115","X0643",20180111,1077,1121
"116","X0643",20170312,1026,1149
"117","X0643",20170628,245,963
"118","8T75D",20170402,18,1138
"119","8T75D",20170601,1027,1165
"120","8T75D",20171112,410,735
"121","8T75D",20180113,700,952
"122","8T75D",20180413,596,671
"123","8T75D",20170327,638,702
"124","8T75D",20171004,1138,1180
"125","8T75D",20170208,39,1133
"126","8T75D",20170801,34,712
"127","8T75D",20170720,777,827
"128","8T75D",20180130,98,1093
"129","8T75D",20180329,437,570
"130","8T75D",20180213,179,993
"131","8T75D",20180313,941,1044
"132","8T75D",20180123,726,1016
"133","8T75D",20170215,361,941
"134","8T75D",20180421,200,606
"135","8T75D",20170523,477,619
"136","8T75D",20171009,1147,1181
"137","8T75D",20171113,117,778
"138","8T75D",20180111,202,328
"139","8T75D",20170823,427,511
"140","8T75D",20180219,588,1028
"141","R440Q",20170908,374,1179
"142","R440Q",20170923,1077,1123
"143","R440Q",20170203,819,1096
"144","R440Q",20180329,809,960
"145","R440Q",20171206,775,790
"146","R440Q",20170121,856,927
"147","R440Q",20171121,237,262
"148","R440Q",20170220,79,474
"149","R440Q",20171224,888,1035
"150","R440Q",20170202,939,1104
"151","R440Q",20170904,279,796
"152","R440Q",20170906,1051,1103
"153","R440Q",20170626,184,1033
"154","R440Q",20180223,1174,1188
"155","R440Q",20170315,89,1021
"156","R440Q",20180426,806,952
"157","R440Q",20171022,738,779
"158","R4J4S",20170106,87,945
"159","R4J4S",20180425,745,1120
"160","R4J4S",20180305,772,1025
"161","R4J4S",20171007,503,544
"162","R4J4S",20170531,1046,1109
"163","R4J4S",20170914,1109,1150
"164","R4J4S",20170120,650,903
"165","R4J4S",20170821,492,697
"166","R4J4S",20180304,111,900
"167","R4J4S",20180324,906,1179
"168","R4J4S",20180322,1107,1110
"169","K055L",20171217,861,1086
"170","K055L",20171020,247,512
"171","K055L",20170910,321,1078
"172","K055L",20171022,800,872
"173","K055L",20170518,924,1062
"174","K055L",20170711,946,964
"175","K055L",20180215,1056,1097
"176","K055L",20171222,433,673
"177","K055L",20170831,698,1199
"178","338FV",20171029,279,306
"179","338FV",20170525,122,304
"180","338FV",20170604,275,375
"181","338FV",20170826,663,1030
"182","338FV",20170126,812,1120
"183","338FV",20180403,557,1071
"184","338FV",20180128,872,1052
"185","338FV",20180217,778,790
"186","338FV",20180119,794,806
"187","338FV",20180310,925,1029
"188","338FV",20170701,388,1103
"189","338FV",20170927,1038,1089
"190","338FV",20170921,615,686
"191","338FV",20180209,801,1159
"192","338FV",20170111,370,990
"193","338FV",20170626,664,1024
"194","401Y4",20180409,90,238
"195","401Y4",20171203,699,1111
"196","401Y4",20170408,816,1013
"197","401Y4",20170503,120,1011
"198","401Y4",20170116,5,888
"199","401Y4",20170204,681,774
"200","401Y4",20171223,138,635
"201","401Y4",20170527,675,897
"202","401Y4",20180423,99,664
"203","401Y4",20180410,911,943
"204","401Y4",20170825,385,871
"205","401Y4",20170620,404,1017
"206","401Y4",20170531,773,1026
"207","401Y4",20170226,241,595
"208","401Y4",20171010,733,1033
"209","401Y4",20170611,561,1190
"210","401Y4",20170509,685,1109
"211","401Y4",20170730,461,688
"212","401Y4",20170915,441,501
"213","401Y4",20171230,112,208
"214","401Y4",20170404,866,1043
"215","DEQP8",20180106,409,879
"216","DEQP8",20171215,641,1010
"217","DEQP8",20170123,624,806
"218","DEQP8",20171129,689,935
"219","DEQP8",20170727,227,1192
"220","DEQP8",20180311,66,274
"221","DEQP8",20180221,51,750
"222","DEQP8",20171203,575,777
"223","N7F6U",20170421,245,898
"224","N7F6U",20170222,203,1104
"225","N7F6U",20170425,68,375
"226","N7F6U",20170910,413,767
"227","N7F6U",20170306,408,755
"228","N7F6U",20171111,736,1150
"229","N7F6U",20170116,1003,1146
"230","N7F6U",20170809,108,1020
"231","N7F6U",20180208,351,760
"232","N7F6U",20170224,1131,1138
"233","N7F6U",20170810,320,1190
"234","N7F6U",20171002,344,972
"235","N7F6U",20180216,934,1080
"236","N7F6U",20170120,1196,1199
"237","Z7Y82",20170123,678,802
"238","Z7Y82",20170418,638,1179
"239","Z7Y82",20170723,903,1188
"240","Z7Y82",20171225,614,832
"241","Z7Y82",20180213,509,555
"242","Z7Y82",20180223,447,659
"243","Z7Y82",20180417,1183,1192
"244","Z7Y82",20170925,1089,1176
"245","THJ81",20171109,1043,1068
"246","THJ81",20180412,219,575
"247","THJ81",20170920,226,1040
"248","THJ81",20180223,129,497
"249","THJ81",20171209,353,734
"250","THJ81",20170704,976,1176
"251","THJ81",20180303,124,1112
"252","THJ81",20170531,1088,1161
"253","THJ81",20170718,570,879
"254","THJ81",20170116,686,1113
"255","THJ81",20170601,607,1092
"256","THJ81",20171208,509,610
"257","51SWX",20170809,1171,1189
"258","51SWX",20170413,532,1141
"259","51SWX",20170407,1124,1185
"260","51SWX",20180104,327,585
"261","51SWX",20170217,1176,1177
"262","4TZ45",20171008,620,935
"263","4TZ45",20180128,610,1176
"264","4TZ45",20170527,891,922
"265","4TZ45",20170213,197,474
"266","5Y85X",20171211,67,460
"267","5Y85X",20170913,1071,1146
"268","5Y85X",20170516,1033,1141
"269","5Y85X",20170814,10,335
"270","5Y85X",20170523,390,643
"271","5Y85X",20180116,320,1085
"272","5Y85X",20170526,156,824
"273","5Y85X",20171014,883,1140
"274","5Y85X",20170810,1167,1169
"275","5Y85X",20170419,590,877
"276","5Y85X",20170324,420,1171
"277","5Y85X",20180106,1195,1200
"278","5Y85X",20170701,178,358
"279","5Y85X",20171218,442,662
"280","5Y85X",20170417,221,248
"281","5Y85X",20170525,175,704
"282","5Y85X",20170104,951,1019
"283","5Y85X",20170604,279,374
"284","5Y85X",20170816,1115,1155
"285","5Y85X",20180216,630,1077
"286","5Y85X",20170909,61,801
"287","2Q45D",20170809,1065,1196
"288","2Q45D",20171019,827,830
"289","2Q45D",20170127,1148,1192
"290","2Q45D",20171014,758,935
"291","2Q45D",20170624,1059,1196
"292","2Q45D",20171229,1051,1110
"293","2Q45D",20180305,414,936
"294","2Q45D",20180124,901,1079
"295","2Q45D",20170208,137,1133
"296","2Q45D",20171227,4,1188
"297","2Q45D",20180303,613,671
"298","2Q45D",20171216,1010,1129
"299","2Q45D",20170914,711,853
"300","2Q45D",20171018,13,1015
"301","E43E8",20170426,158,954
"302","E43E8",20180101,688,1130
"303","E43E8",20170528,492,830
"304","E43E8",20170307,489,1038
"305","E43E8",20171117,905,1001
"306","E43E8",20171013,161,342
"307","E43E8",20170906,266,613
"308","E43E8",20180226,514,743
"309","E43E8",20180426,256,706
"310","TXNSC",20170326,1065,1160
"311","TXNSC",20170522,450,850
"312","TXNSC",20170225,779,931
"313","TXNSC",20180212,943,1014
"314","TXNSC",20170729,576,842
"315","TXNSC",20170810,213,830
"316","TXNSC",20171129,964,1167
"317","TXNSC",20171010,409,1031
"318","TXNSC",20170720,761,1140
"319","TXNSC",20170322,680,975
"320","TXNSC",20170614,73,691
"321","TXNSC",20171016,273,276
"322","TXNSC",20170207,568,1153
"323","TXNSC",20170427,909,1171
"324","TXNSC",20170221,930,1030
"325","TXNSC",20170220,655,991
"326","TXNSC",20170803,47,217
"327","TXNSC",20170426,1066,1096
"328","TXNSC",20171205,34,732
"329","TXNSC",20171201,630,842
"330","TXNSC",20170927,788,920
"331","TXNSC",20171009,806,1188
"332","TXNSC",20170325,44,466
"333","TXNSC",20180215,176,843
"334","TXNSC",20170405,1048,1135
"335","TXNSC",20171204,490,683
"336","TXNSC",20171023,290,623
"337","TXNSC",20170201,805,1137
"338","1G2F7",20180428,1104,1144
"339","1G2F7",20171211,1154,1178
"340","1G2F7",20170708,932,1167
"341","1G2F7",20170509,844,1141
"342","1G2F7",20171222,697,991
"343","1G2F7",20170608,333,605
"344","0862D",20171104,538,856
"345","0862D",20180117,723,782
"346","0862D",20170112,492,959
"347","1G205",20170811,189,358
"348","1G205",20170514,310,701
"349","1G205",20170410,1125,1163
"350","1G205",20171209,911,1151
"351","1G205",20170527,99,271
"352","1G205",20170419,1021,1046
"353","1G205",20170308,734,1020
"354","1G205",20170620,1017,1121
"355","1G205",20171115,1031,1038
"356","6071T",20170603,287,501
"357","6071T",20170727,430,869
"358","6071T",20180203,75,939
"359","6071T",20170816,606,1143
"360","6071T",20171003,979,1050
"361","6071T",20170920,440,444
"362","6071T",20170502,957,1180
"363","6071T",20170509,82,266
"364","6071T",20180329,763,1136
"365","6071T",20170304,936,1124
"366","6071T",20170116,1184,1200
"367","6071T",20170807,759,1184
"368","6071T",20170207,904,912
"369","6071T",20180428,670,759
"370","6071T",20171011,818,963
"371","6071T",20171231,1055,1163
"372","4D5R1",20170318,83,493
"373","4D5R1",20171117,757,1198
"374","4D5R1",20180202,956,1024
"375","4D5R1",20180328,976,1190
"376","4D5R1",20170607,811,1084
"377","4D5R1",20170407,320,723
"378","4D5R1",20170828,1110,1187
"379","4D5R1",20180304,85,140
"380","4D5R1",20180406,403,896
"381","4D5R1",20170911,365,1146
"382","4D5R1",20170530,545,921
"383","4D5R1",20170204,791,1122
"384","4D5R1",20171028,902,1175
"385","4D5R1",20170109,5,451
"386","4D5R1",20170714,244,442
"387","4D5R1",20171223,657,941
"388","4D5R1",20171119,517,595
"389","4D5R1",20180218,1075,1104
"390","4D5R1",20170302,417,545
"391","4D5R1",20170511,967,1041
"392","4D5R1",20180203,411,867
"393","4D5R1",20170204,437,788
"394","4D5R1",20170611,290,736
"395","4D5R1",20171227,133,904
"396","82GA2",20170101,431,1116
"397","82GA2",20170323,1163,1166
"398","82GA2",20170807,130,344
"399","82GA2",20180402,817,1104
"400","82GA2",20171114,529,723
"401","82GA2",20171225,1009,1155
"402","82GA2",20170728,1122,1151
"403","82GA2",20171205,69,724
"404","82GA2",20171031,1035,1150
"405","82GA2",20171126,258,732
"406","82GA2",20180323,939,1135
"407","82GA2",20170315,22,728
"408","82GA2",20170629,519,1177
"409","82GA2",20171219,893,1024
"410","82GA2",20170716,10,869
"411","82GA2",20180108,980,1035
"412","82GA2",20171109,157,669
"413","82GA2",20170910,410,462
"414","W83OD",20170525,683,1052
"415","W83OD",20180123,714,813
"416","W83OD",20171216,7,502
"417","W83OD",20170126,342,889
"418","W83OD",20180125,428,1122
"419","12C5R",20171108,849,982
"420","12C5R",20170130,284,796
"421","12C5R",20171207,445,900
"422","12C5R",20180429,141,882
"423","12C5R",20180121,343,950
"424","12C5R",20170420,427,566
"425","12C5R",20180131,383,546
"426","12C5R",20171229,1174,1189
"427","12C5R",20170805,1012,1015
"428","12C5R",20171029,471,511
"429","12C5R",20170314,544,726
"430","12C5R",20180114,473,1146
"431","12C5R",20180312,912,1186
"432","12C5R",20170519,1140,1151
"433","12C5R",20180129,827,1182
"434","12C5R",20170908,99,753
"435","8AEAE",20171008,564,689
"436","8AEAE",20171025,951,1200
"437","8AEAE",20171110,899,973
"438","8AEAE",20180217,822,1046
"439","T80FG",20170612,239,437
"440","T80FG",20170922,162,462
"441","T80FG",20170917,327,699
"442","T80FG",20170726,17,952
"443","T80FG",20180127,19,124
"444","T80FG",20171023,242,486
"445","T80FG",20170821,221,672
"446","T80FG",20171022,483,502
"447","T80FG",20170606,1061,1070
"448","T80FG",20180102,145,646
"449","T80FG",20171125,775,880
"450","T80FG",20180106,8,679
"451","T80FG",20171115,188,530
"452","T80FG",20171226,621,1121
"453","T80FG",20170817,704,762
"454","T80FG",20170723,558,641
"455","T80FG",20170612,36,884
"456","T80FG",20180127,141,276
"457","T80FG",20170407,499,1056
"458","T80FG",20170609,1191,1198
"459","T80FG",20170315,42,61
"460","T80FG",20170212,512,527
"461","T80FG",20170411,533,639
"462","T80FG",20170319,1176,1183
"463","T80FG",20180417,179,829
"464","T80FG",20180216,515,945
"465","T80FG",20171227,413,569
"466","T80FG",20180117,585,1020
"467","0CR33",20171019,970,1190
"468","0CR33",20170925,1166,1178
"469","0CR33",20170721,788,918
"470","0CR33",20170829,728,728
"471","0CR33",20171128,1070,1146
"472","0CR33",20170312,630,746
"473","0CR33",20170406,619,1003
"474","0CR33",20170818,375,1140
"475","4JX11",20171127,880,1055
"476","4JX11",20170110,402,1043
"477","4JX11",20170503,302,1117
"478","4JX11",20180105,810,922
"479","4JX11",20170629,585,781
"480","4JX11",20170513,208,739
"481","4JX11",20171009,379,531
"482","4JX11",20171108,641,830
"483","4JX11",20180416,522,995
"484","4JX11",20180427,405,567
"485","4JX11",20170221,660,936
"486","4JX11",20170604,601,694
"487","4JX11",20170203,558,1047
"488","4JX11",20170701,831,879
"489","4JX11",20170211,495,738
"490","4JX11",20180418,685,994
"491","4JX11",20171122,655,710
"492","4JX11",20180324,855,1177
"493","4JX11",20170118,366,755
"494","4JX11",20171118,1149,1173
"495","4JX11",20170821,536,658
"496","4JX11",20171129,462,513
"497","4JX11",20170604,964,971
"498","4JX11",20170207,594,760
"499","4JX11",20171101,925,1180
"500","4JX11",20170531,795,1118
"501","4JX11",20170315,708,1144
"502","4JX11",20170831,882,1158
"503","GHDP5",20170807,1087,1124
"504","GHDP5",20171225,764,832
"505","GHDP5",20170302,1031,1043
"506","GHDP5",20171113,989,1011
"507","GHDP5",20170215,1081,1145
"508","GHDP5",20170703,956,975
"509","GHDP5",20180424,98,512
"510","GHDP5",20180429,964,1002
"511","GHDP5",20170201,745,875
"512","D8FT1",20170217,579,848
"513","D8FT1",20170408,969,1068
"514","D8FT1",20170601,835,888
"515","D8FT1",20171022,340,1125
"516","D8FT1",20170811,997,1004
"517","D8FT1",20171107,43,580
"518","D8FT1",20170319,193,1027
"519","D8FT1",20170105,1094,1134
"520","D8FT1",20171106,1041,1145
"521","D8FT1",20170120,1030,1034
"522","D8FT1",20170210,542,1003
"523","D8FT1",20170917,20,284
"524","D8FT1",20180423,1063,1154
"525","D8FT1",20170225,177,470
"526","0U51D",20170309,593,938
"527","0U51D",20180224,678,1036
"528","0U51D",20170531,559,608
"529","0U51D",20170306,457,719
"530","0U51D",20180501,88,218
"531","355UU",20180418,964,979
"532","355UU",20170102,749,813
"533","355UU",20170513,1031,1177
"534","355UU",20180330,767,1138
"535","V5260",20180426,1088,1175
"536","V5260",20170804,55,1098
"537","V5260",20180123,220,865
"538","V5260",20170908,491,807
"539","V5260",20180228,673,750
"540","V5260",20170327,673,785
"541","V5260",20170705,208,941
"542","V5260",20170606,557,650
"543","6K7I8",20170328,541,854
"544","6K7I8",20180429,74,1032
"545","6K7I8",20170530,1088,1184
"546","6K7I8",20170926,982,1102
"547","6K7I8",20170110,1038,1110
"548","6K7I8",20171125,957,1160
"549","6K7I8",20170427,177,445
"550","6K7I8",20170220,501,1067
"551","6K7I8",20170630,407,1160
"552","6K7I8",20171006,818,1077
"553","6K7I8",20180411,612,903
"554","KE0FH",20180209,138,671
"555","KE0FH",20170902,848,876
"556","KE0FH",20170204,1110,1160
"557","KE0FH",20170823,461,475
"558","KE0FH",20170606,719,923
"559","KE0FH",20170220,563,818
"560","KE0FH",20170107,645,1107
"561","KE0FH",20170128,784,1108
"562","KE0FH",20170830,701,1189
"563","KE0FH",20171203,497,1080
"564","KE0FH",20180101,552,878
"565","KE0FH",20170805,470,638
"566","KE0FH",20170329,858,878
"567","KE0FH",20170802,1020,1060
"568","KE0FH",20171104,737,831
"569","KE0FH",20170101,375,447
"570","KE0FH",20170204,198,218
"571","KE0FH",20180418,1001,1013
"572","KE0FH",20180320,1059,1076
"573","KE0FH",20170824,250,787
"574","KE0FH",20180123,678,808
"575","KE0FH",20170306,614,914
"576","133ED",20180303,482,814
"577","133ED",20180405,23,537
"578","133ED",20170317,1170,1196
"579","133ED",20171015,367,794
"580","133ED",20180422,86,787
"581","133ED",20170914,1121,1159
"582","133ED",20180416,666,755
"583","133ED",20170307,1102,1166
"584","133ED",20170611,490,591
"585","133ED",20170625,818,1150
"586","133ED",20171014,31,1135
"587","133ED",20170531,1093,1100
"588","133ED",20180114,640,761
"589","133ED",20170203,11,1127
"590","133ED",20180430,1197,1200
"591","2B01Y",20170411,89,920
"592","2B01Y",20170125,398,591
"593","2B01Y",20171108,77,523
"594","2B01Y",20180205,857,1107
"595","2B01Y",20180328,295,396
"596","2B01Y",20170719,1062,1098
"597","2B01Y",20170413,390,912
"598","2B01Y",20170409,53,532
"599","2B01Y",20170610,703,848
"600","2B01Y",20170824,1057,1129
"601","2B01Y",20170924,715,837
"602","2B01Y",20170918,606,981
"603","2B01Y",20180428,187,484
"604","2B01Y",20180312,1131,1131
"605","2B01Y",20170728,789,812
"606","2B01Y",20170331,862,1100
"607","2B01Y",20170611,797,930
"608","8SJ77",20170713,826,973
"609","8SJ77",20170509,1036,1175
"610","8SJ77",20171224,227,500
"611","8SJ77",20170607,687,729
"612","8SJ77",20171128,256,324
"613","8SJ77",20170617,1125,1189
"614","8SJ77",20170603,1087,1142
"615","8SJ77",20170228,1169,1172
"616","8SJ77",20180111,719,1003
"617","8SJ77",20180419,948,1197
"618","8SJ77",20171107,164,620
"619","7I67C",20170415,601,676
"620","7I67C",20180315,890,947
"621","0F76P",20180307,979,1011
"622","0F76P",20180211,62,988
"623","0F76P",20171007,710,737
"624","0F76P",20170526,232,1150
"625","0F76P",20180309,1055,1197
"626","ZAB1A",20171018,803,991
"627","ZAB1A",20170117,59,378
"628","ZAB1A",20171224,229,1132
"629","ZAB1A",20171105,720,776
"630","ZAB1A",20170127,459,798
"631","ZAB1A",20170730,81,212
"632","ZAB1A",20170403,4,12
"633","ZAB1A",20180319,44,61
"634","ZAB1A",20170524,641,763
"635","ZAB1A",20170924,1079,1137
"636","ZAB1A",20180428,1050,1157
"637","ZAB1A",20170321,318,734
"638","W5YVL",20170120,855,1124
"639","W5YVL",20170907,113,802
"640","W5YVL",20180427,502,1033
"641","ITWMV",20170222,171,563
"642","ITWMV",20170605,234,1081
"643","ITWMV",20170617,1163,1199
"644","ITWMV",20170113,546,926
"645","ITWMV",20170107,212,447
"646","ITWMV",20170410,141,231
"647","ITWMV",20170907,1072,1142
"648","ITWMV",20170413,556,848
"649","ITWMV",20170703,926,1117
"650","ITWMV",20171109,1176,1188
"651","ITWMV",20180127,795,907
"652","ITWMV",20170711,1191,1199
"653","ITWMV",20170328,1177,1193
"654","ITWMV",20171019,636,1086
"655","ITWMV",20171014,449,998
"656","ITWMV",20170216,447,531
"657","ITWMV",20180131,960,976
"658","ITWMV",20170614,222,1193
"659","ITWMV",20170108,1085,1116
"660","ITWMV",20180302,649,744
"661","ITWMV",20180401,937,1116
"662","ITWMV",20171230,704,746
"663","ITWMV",20170817,21,1048
"664","ITWMV",20180330,718,915
"665","ITWMV",20170816,454,1181
"666","44VO2",20171119,411,727
"667","44VO2",20180125,479,591
"668","44VO2",20171030,98,384
"669","44VO2",20170612,826,870
"670","44VO2",20170330,462,924
"671","44VO2",20170725,683,978
"672","44VO2",20171026,1160,1170
"673","44VO2",20170320,508,886
"674","44VO2",20170429,626,639
"675","44VO2",20170711,881,965
"676","07QP3",20170517,401,598
"677","D2KY6",20180105,769,804
"678","D2KY6",20171209,266,1105
"679","D2KY6",20171120,797,803
"680","D2KY6",20170518,1194,1199
"681","D2KY6",20180115,746,836
"682","D2KY6",20170805,288,466
"683","D2KY6",20170515,463,1148
"684","D2KY6",20170727,226,643
"685","D2KY6",20180123,707,1038
"686","D2KY6",20170221,78,186
"687","D2KY6",20180421,769,1134
"688","D2KY6",20170629,769,1173
"689","D2KY6",20170604,1153,1190
"690","D2KY6",20171107,623,924
"691","5O6SK",20180325,785,1179
"692","NJ876",20180425,553,1052
"693","NJ876",20170325,635,1033
"694","NJ876",20170315,670,753
"695","NJ876",20170314,708,1023
"696","NJ876",20180330,410,533
"697","NJ876",20170806,975,1058
"698","NJ876",20171003,175,356
"699","NJ876",20180318,797,1129
"700","NJ876",20170124,382,716
"701","NJ876",20171120,226,282
"702","NJ876",20171012,1007,1058
"703","NJ876",20170521,1175,1187
"704","NJ876",20170720,264,1136
"705","NJ876",20171122,217,759
"706","NJ876",20180222,865,900
"707","NJ876",20170627,302,1040
"708","NJ876",20170807,466,808
"709","NJ876",20170224,430,1150
"710","NJ876",20170303,464,1060
"711","NJ876",20170301,1112,1156
"712","NJ876",20170808,391,841
"713","7788A",20180212,675,881
"714","7788A",20171214,233,772
"715","7788A",20180208,1118,1145
"716","7788A",20170704,890,910
"717","7788A",20170523,312,788
"718","7788A",20170618,1126,1170
"719","7788A",20180118,1173,1174
"720","7788A",20171212,756,1195
"721","7788A",20170309,554,1171
"722","7788A",20170627,220,730
"723","7788A",20170820,1016,1151
"724","7788A",20180116,1193,1193
"725","7788A",20170615,300,591
"726","7788A",20171122,230,1073
"727","7788A",20170510,474,966
"728","7788A",20170808,760,990
"729","7788A",20170520,993,1194
"730","7788A",20170306,453,510
"731","7788A",20170619,180,195
"732","7788A",20180315,121,738
"733","7788A",20170528,393,912
"734","7788A",20170205,896,911
"735","7788A",20170712,238,1074
"736","7788A",20171014,330,865
"737","7788A",20180106,443,1018
"738","7788A",20171126,596,671
"739","7788A",20180419,575,632
"740","7788A",20180501,532,705
"741","7788A",20170513,248,995
"742","GKZV7",20170529,181,1127
"743","GKZV7",20170111,1188,1198
"744","GKZV7",20170816,274,365
"745","GKZV7",20171014,655,878
"746","GKZV7",20170322,254,604
"747","GKZV7",20180415,712,819
"748","GKZV7",20171008,390,422
"749","GKZV7",20170601,981,1181
"750","PEL8G",20180218,131,602
"751","PEL8G",20170814,634,960
"752","T2JF2",20180326,523,1163
"753","T2JF2",20180124,284,1074
"754","T2JF2",20171225,1193,1194
"755","T2JF2",20180410,967,999
"756","T2JF2",20170927,773,904
"757","43N05",20170426,105,320
"758","43N05",20171110,95,677
"759","43N05",20170127,436,756
"760","43N05",20170302,353,430
"761","43N05",20170830,1156,1179
"762","43N05",20180424,230,709
"763","43N05",20170524,333,1057
"764","43N05",20180122,867,1178
"765","43N05",20170603,636,870
"766","43N05",20170911,522,938
"767","43N05",20170405,464,694
"768","43N05",20171122,1005,1160
"769","43N05",20170612,796,1161
"770","43N05",20180406,529,599
"771","43N05",20170122,134,760
"772","43N05",20180329,773,1147
"773","43N05",20170801,321,1200
"774","43N05",20171218,982,1011
"775","43N05",20170402,1093,1167
"776","43N05",20180224,1059,1157
"777","43N05",20170427,322,749
"778","43N05",20170131,760,1161
"779","43N05",20170317,941,1092
"780","43N05",20170609,859,889
"781","43N05",20170225,724,1014
"782","HI1Q5",20180114,1045,1056
"783","HI1Q5",20171106,1079,1109
"784","HI1Q5",20170216,313,784
"785","HI1Q5",20170711,21,146
"786","HI1Q5",20180301,626,637
"787","HI1Q5",20180126,237,335
"788","HI1Q5",20170617,482,1158
"789","HI1Q5",20170813,892,981
"790","HI1Q5",20171025,103,1000
"791","HI1Q5",20180328,691,1106
"792","HI1Q5",20170318,835,1090
"793","HI1Q5",20180309,563,643
"794","HI1Q5",20170908,598,922
"795","HI1Q5",20170327,761,777
"796","HI1Q5",20171216,862,874
"797","HI1Q5",20170515,577,1080
"798","HI1Q5",20170118,179,569
"799","JQ162",20180130,1178,1195
"800","JQ162",20171003,374,1083
"801","JQ162",20171202,177,956
"802","JQ162",20170403,134,1032
"803","JQ162",20170120,310,368
"804","JQ162",20180125,618,656
"805","JQ162",20180118,1001,1130
"806","JQ162",20180116,1087,1135
"807","JQ162",20170203,674,978
"808","JQ162",20180428,865,1110
"809","JQ162",20180224,543,610
"810","JQ162",20170830,224,1075
"811","JQ162",20170528,374,519
"812","JQ162",20171204,791,1143
"813","JQ162",20180430,137,493
"814","JQ162",20170201,217,369
"815","JQ162",20170709,213,265
"816","JQ162",20180128,732,995
"817","JQ162",20170928,1134,1176
"818","JQ162",20170610,943,1092
"819","JQ162",20170303,1139,1172
"820","JQ162",20180212,893,935
"821","402DQ",20170504,443,724
"822","402DQ",20171210,437,567
"823","402DQ",20170810,852,1176
"824","402DQ",20170804,383,546
"825","402DQ",20170401,190,257
"826","33378",20170707,431,456
"827","33378",20170111,829,1110
"828","33378",20171103,927,979
"829","33378",20180310,364,378
"830","33378",20170415,36,388
"831","33378",20171217,723,761
"832","33378",20171020,673,894
"833","33378",20170209,903,944
"834","33378",20170922,391,1138
"835","33378",20171226,549,762
"836","33378",20170505,904,1114
"837","33378",20170520,758,798
"838","33378",20180214,647,786
"839","33378",20170220,436,527
"840","1RSYJ",20170108,15,219
"841","1RSYJ",20170619,1063,1063
"842","1RSYJ",20170318,123,1037
"843","1RSYJ",20170811,1012,1049
"844","1RSYJ",20180404,164,328
"845","1RSYJ",20170403,996,1122
"846","1RSYJ",20170531,638,698
"847","31A6U",20170506,993,1060
"848","31A6U",20180101,859,892
"849","31A6U",20170811,976,991
"850","31A6U",20170831,38,389
"851","31A6U",20170410,586,1087
"852","31A6U",20170225,1073,1133
"853","31A6U",20180314,398,1104
"854","31A6U",20170912,671,950
"855","31A6U",20170320,519,1186
"856","31A6U",20170104,276,1197
"857","31A6U",20180124,902,1162
"858","31A6U",20170927,15,825
"859","31A6U",20180213,12,953
"860","31A6U",20180227,1061,1098
"861","31A6U",20170926,242,459
"862","31A6U",20180408,1033,1089
"863","31A6U",20171127,63,731
"864","31A6U",20180131,757,1073
"865","31A6U",20170513,246,1145
"866","31A6U",20170313,120,1105
"867","7BQKU",20170115,508,1117
"868","7BQKU",20170303,1098,1109
"869","7BQKU",20170408,660,774
"870","7BQKU",20180304,303,519
"871","7BQKU",20171123,553,1013
"872","7BQKU",20170302,64,1182
"873","7BQKU",20170717,591,658
"874","7BQKU",20170730,929,1161
"875","7BQKU",20171004,801,947
"876","7BQKU",20180420,847,1144
"877","7BQKU",20170903,144,1165
"878","7BQKU",20170203,852,1035
"879","7BQKU",20170619,236,532
"880","7BQKU",20171207,904,1037
"881","7BQKU",20170810,188,762
"882","7BQKU",20170520,71,460
"883","7BQKU",20170720,1061,1079
"884","7BQKU",20171115,382,822
"885","UK1F2",20170626,788,1184
"886","UK1F2",20180412,225,450
"887","UK1F2",20170724,83,803
"888","UK1F2",20170309,877,1049
"889","UK1F2",20180212,382,859
"890","UK1F2",20180109,344,518
"891","UK1F2",20171122,115,722
"892","UK1F2",20180311,685,820
"893","UK1F2",20171117,201,536
"894","UK1F2",20180308,705,832
"895","UK1F2",20180122,643,759
"896","UK1F2",20180417,381,741
"897","UK1F2",20170525,380,831
"898","UK1F2",20170729,857,980
"899","UK1F2",20170908,1055,1199
"900","UK1F2",20171212,628,989
"901","UK1F2",20180226,296,917
"902","UK1F2",20171116,188,602
"903","UK1F2",20180125,9,465
"904","UK1F2",20170624,92,762
"905","UK1F2",20180424,441,952
"906","UK1F2",20170414,1076,1164
"907","UK1F2",20171211,988,1076
"908","UK1F2",20180317,411,830
"909","UK1F2",20171011,79,105
"910","UK1F2",20170613,871,911
"911","UK1F2",20170128,655,693
"912","UK1F2",20170828,419,758
"913","UK1F2",20170810,694,757
"914","NB10J",20171212,397,443
"915","NB10J",20170504,140,675
"916","NB10J",20170512,389,933
"917","NB10J",20170827,527,710
"918","NB10J",20171101,105,155
"919","NB10J",20170227,268,910
"920","NB10J",20170726,890,1157
"921","NB10J",20180312,534,614
"922","NB10J",20170123,54,262
"923","NB10J",20170218,328,541
"924","NB10J",20171102,43,192
"925","NB10J",20170507,949,1059
"926","I827Y",20171008,612,1158
"927","I827Y",20170102,270,469
"928","I827Y",20180224,401,801
"929","I827Y",20180429,125,460
"930","I827Y",20171101,382,860
"931","I827Y",20180129,957,967
"932","I827Y",20180302,1075,1185
"933","I827Y",20171104,767,995
"934","I827Y",20170201,1141,1169
"935","I827Y",20180413,329,972
"936","I827Y",20180204,812,878
"937","I827Y",20170706,607,944
"938","I827Y",20170209,502,740
"939","I827Y",20170328,373,633
"940","I827Y",20170405,645,821
"941","I827Y",20170406,498,1008
"942","I827Y",20180319,77,350
"943","I827Y",20170713,1009,1178
"944","I827Y",20171123,627,924
"945","I827Y",20180203,82,1087
"946","I827Y",20170506,763,920
"947","I827Y",20170926,1119,1176
"948","I827Y",20170816,148,732
"949","O86WU",20180406,508,1122
"950","O86WU",20180225,688,1085
"951","O86WU",20170525,72,567
"952","O86WU",20170808,1179,1200
"953","O86WU",20180401,433,796
"954","O86WU",20170526,132,269
"955","30Y1F",20170501,515,971
"956","30Y1F",20180201,736,976
"957","30Y1F",20170710,48,380
"958","30Y1F",20180408,38,903
"959","30Y1F",20170729,1066,1129
"960","30Y1F",20171112,1145,1188
"961","30Y1F",20170710,187,687
"962","30Y1F",20180310,396,601
"963","30Y1F",20180220,1089,1141
"964","30Y1F",20170618,914,964
"965","30Y1F",20180216,1101,1137
"966","30Y1F",20170909,691,957
"967","8G0Z2",20170216,1084,1153
"968","8G0Z2",20170914,738,1112
"969","8G0Z2",20170710,698,1087
"970","8G0Z2",20171031,373,880
"971","8G0Z2",20171224,1175,1192
"972","8G0Z2",20170221,799,971
"973","8G0Z2",20170707,88,971
"974","8G0Z2",20170403,493,942
"975","8G0Z2",20171108,1102,1167
"976","8G0Z2",20170816,629,685
"977","OBU3O",20171021,523,955
"978","OBU3O",20170812,622,1124
"979","OBU3O",20170415,805,818
"980","OBU3O",20170811,292,401
"981","OBU3O",20180329,593,898
"982","OBU3O",20170517,313,1079
"983","OBU3O",20170403,484,716
"984","OBU3O",20180407,699,1161
"985","OBU3O",20170315,260,1124
"986","OBU3O",20170509,581,968
"987","OBU3O",20170129,174,828
"988","OBU3O",20170406,1169,1196
"989","OBU3O",20170809,778,1190
"990","OBU3O",20171022,331,757
"991","OBU3O",20170619,684,1137
"992","OBU3O",20180126,1156,1167
"993","OBU3O",20170507,499,977
"994","OBU3O",20171119,327,448
"995","OBU3O",20170422,864,1149
"996","I0UIP",20170124,687,1011
"997","I0UIP",20170323,670,1184
"998","I0UIP",20170326,620,1131
"999","I0UIP",20171027,121,368
"1000","I0UIP",20170424,1023,1145
"1001","I0UIP",20180328,1091,1165
"1002","I0UIP",20180312,107,1075
"1003","I0UIP",20180126,746,1046
"1004","I0UIP",20170125,331,1117
"1005","I0UIP",20171024,564,1154
"1006","I0UIP",20170526,993,1004
"1007","I0UIP",20170304,735,1084
"1008","I0UIP",20170727,880,1039
"1009","I0UIP",20171203,891,983
"1010","I0UIP",20170201,1143,1184
"1011","I0UIP",20171007,95,167
"1012","I0UIP",20171114,851,1149
"1013","I0UIP",20170402,150,655
"1014","I0UIP",20170906,1019,1186
"1015","I0UIP",20171201,32,846
"1016","I0UIP",20170914,107,949
"1017","I0UIP",20170711,777,1086
"1018","I0UIP",20170110,632,1144
"1019","I0UIP",20171203,123,247
"1020","I0UIP",20180123,128,789
"1021","I0UIP",20170419,216,674
"1022","I0UIP",20170621,235,413
"1023","I0UIP",20170912,292,485
"1024","JY514",20170221,776,1115
"1025","JY514",20170209,592,597
"1026","JY514",20170928,258,979
"1027","JY514",20180330,1091,1102
"1028","JY514",20180107,465,1024
"1029","JY514",20180401,364,1087
"1030","JY514",20171026,56,810
"1031","JY514",20170630,204,947
"1032","JY514",20170823,319,640
"1033","JY514",20171026,1005,1127
"1034","JY514",20170809,1088,1189
"1035","JY514",20170726,589,832
"1036","JY514",20170108,1048,1082
"1037","JY514",20170310,4,1155
"1038","JY514",20180325,794,931
"1039","JY514",20171117,829,888
"1040","JY514",20170829,684,823
"1041","JY514",20170809,710,906
"1042","JY514",20170824,909,1068
"1043","JY514",20180323,642,656
"1044","JY514",20170619,222,480
"1045","JY514",20180318,1027,1048
"1046","JY514",20170826,1122,1145
"1047","E18IN",20180103,280,608
"1048","E18IN",20180402,294,1023
"1049","E18IN",20180309,512,583
"1050","E18IN",20170712,1014,1145
"1051","E18IN",20170314,1189,1192
"1052","E18IN",20180120,1181,1194
"1053","E18IN",20170803,166,574
"1054","E18IN",20171126,848,1067
"1055","E18IN",20171117,1189,1190
"1056","E18IN",20180418,544,1170
"1057","E18IN",20170824,586,1029
"1058","E18IN",20170627,243,1134
"1059","E18IN",20170530,28,521
"1060","E18IN",20170107,662,1186
"1061","E18IN",20170111,894,959
"1062","E18IN",20170910,235,451
"1063","E18IN",20171121,394,984
"1064","E18IN",20180318,673,810
"1065","E18IN",20170301,300,842
"1066","E18IN",20170618,964,1111
"1067","E18IN",20180215,756,1005
"1068","E18IN",20180315,1138,1170
"1069","E18IN",20170606,442,979
"1070","E18IN",20180105,9,1074
"1071","E18IN",20171120,1147,1190
"1072","E18IN",20171110,605,1085
"1073","E18IN",20171204,697,1004
"1074","E18IN",20170530,1113,1173
"1075","3OOJ1",20180215,954,1050
"1076","3OOJ1",20170830,896,1085
"1077","3OOJ1",20170121,885,978
"1078","3OOJ1",20180112,823,1073
"1079","3OOJ1",20170607,1156,1192
"1080","3OOJ1",20170507,953,1052
"1081","3OOJ1",20170831,153,1156
"1082","3OOJ1",20180205,955,989
"1083","3OOJ1",20170718,32,283
"1084","3OOJ1",20170615,1194,1199
"1085","3OOJ1",20180120,465,743
"1086","N36I5",20170518,421,436
"1087","N36I5",20170701,1072,1133
"1088","N36I5",20170608,733,868
"1089","N36I5",20170712,686,796
"1090","N36I5",20170307,29,594
"1091","N36I5",20171122,330,788
"1092","N36I5",20170828,692,1116
"1093","N36I5",20171007,667,759
"1094","N36I5",20180419,191,919
"1095","N36I5",20170423,410,548
"1096","C84S4",20171009,615,775
"1097","C84S4",20180412,1004,1122
"1098","C84S4",20171116,873,1036
"1099","C84S4",20170301,522,524
"1100","C84S4",20170802,1155,1167
"1101","C84S4",20170131,226,947
"1102","C84S4",20170913,987,1071
"1103","C84S4",20171031,228,573
"1104","C84S4",20170609,383,602
"1105","C84S4",20170122,923,1024
"1106","C84S4",20170311,859,1151
"1107","C84S4",20180411,827,1021
"1108","C84S4",20171231,1085,1158
"1109","C84S4",20180207,1102,1181
"1110","C84S4",20170504,88,809
"1111","C84S4",20171104,736,1181
"1112","C84S4",20171203,929,1096
"1113","C84S4",20171107,334,1071
"1114","C84S4",20170525,828,1000
"1115","C84S4",20171109,1105,1120
"1116","C84S4",20180220,843,1169
"1117","C84S4",20171011,885,1154
"1118","C84S4",20170309,830,846
"1119","C84S4",20170430,688,1023
"1120","C84S4",20180425,1180,1191
"1121","C84S4",20171029,244,568
"1122","C84S4",20170101,580,864
"1123","C84S4",20170112,1054,1131
"1124","C84S4",20171224,720,1069
"1125","C84S4",20180415,736,745
"1126","B5F34",20170128,63,838
"1127","B5F34",20171127,796,866
"1128","B5F34",20170719,1058,1088
"1129","B5F34",20180213,741,851
"1130","B5F34",20170706,655,1183
"1131","B5F34",20170727,308,373
"1132","B5F34",20170531,225,1150
"1133","B5F34",20180405,924,1195
"1134","B5F34",20170603,682,840
"1135","B5F34",20170721,1102,1130
"1136","B5F34",20170227,877,1129
"1137","B5F34",20170217,635,734
"1138","B5F34",20170527,107,864
"1139","B5F34",20170315,885,1164
"1140","B5F34",20170513,1049,1130
"1141","B5F34",20170412,1137,1194
"1142","6NAWM",20170303,316,533
"1143","6NAWM",20171106,561,1187
"1144","6NAWM",20171127,313,828
"1145","71BOE",20170121,604,1085
"1146","71BOE",20171009,767,995
"1147","71BOE",20170802,807,822
"1148","71BOE",20170303,208,209
"1149","71BOE",20170930,559,987
"1150","71BOE",20171224,1111,1155
"1151","71BOE",20170131,44,179
"1152","71BOE",20171031,971,1169
"1153","CGW3X",20171111,663,1185
"1154","CGW3X",20171107,1163,1181
"1155","CGW3X",20171110,568,693
"1156","CGW3X",20170609,259,395
"1157","CGW3X",20170714,195,977
"1158","CGW3X",20170430,42,919
"1159","CGW3X",20180306,1068,1190
"1160","CGW3X",20171008,594,597
"1161","CGW3X",20180320,785,931
"1162","CGW3X",20170921,707,755
"1163","CGW3X",20180219,909,1102
"1164","CGW3X",20170203,839,925
"1165","CGW3X",20170614,355,850
"1166","CGW3X",20170226,56,116
"1167","CGW3X",20180426,407,890
"1168","CGW3X",20170323,545,991
"1169","CGW3X",20171030,932,1063
"1170","CGW3X",20180112,349,825
"1171","CGW3X",20170829,710,1019
"1172","CGW3X",20180424,437,1030
"1173","CGW3X",20170131,64,265
"1174","CGW3X",20170923,852,930
"1175","CGW3X",20171119,186,1170
"1176","CGW3X",20171102,1184,1190
"1177","CGW3X",20170508,1071,1133
"1178","CGW3X",20170226,1181,1198
"1179","03487",20170802,158,832
"1180","03487",20170508,711,1011
"1181","03487",20180218,225,616
"1182","03487",20170916,231,899
"1183","03487",20170709,652,1163
"1184","03487",20170629,884,893
"1185","03487",20170615,779,956
"1186","03487",20180105,676,920
"1187","03487",20170515,397,1128
"1188","03487",20180123,71,960
"1189","03487",20170721,1104,1175
"1190","03487",20170401,82,301
"1191","03487",20170529,422,717
"1192","03487",20170804,174,760
"1193","03487",20170804,723,1125
"1194","03487",20170520,97,304
"1195","03487",20180424,1003,1086
"1196","03487",20171017,724,823
"1197","03487",20171005,235,913
"1198","03487",20171120,381,1199
"1199","03487",20180102,215,851
"1200","03487",20180308,176,1111
"1201","03487",20170511,44,755
"1202","03487",20171203,819,1187
"1203","7MRZ6",20170831,453,798
"1204","7MRZ6",20170526,541,966
"1205","7MRZ6",20170311,139,791
"1206","7MRZ6",20170727,707,1114
"1207","7MRZ6",20180311,847,908
"1208","7MRZ6",20170425,177,639
"1209","7MRZ6",20170926,484,644
"1210","7MRZ6",20170823,643,845
"1211","7MRZ6",20170518,730,855
"1212","72H2C",20170106,439,621
"1213","72H2C",20170920,717,798
"1214","72H2C",20170429,247,665
"1215","72H2C",20180419,442,521
"1216","72H2C",20171202,872,971
"1217","72H2C",20180103,43,46
"1218","72H2C",20170827,1154,1174
"1219","72H2C",20170428,140,488
"1220","72H2C",20170607,157,911
"1221","72H2C",20180319,412,869
"1222","72H2C",20170614,487,855
"1223","FA4N5",20170605,92,582
"1224","FA4N5",20180204,334,803
"1225","FA4N5",20180316,1147,1175
"1226","FA4N5",20180303,712,939
"1227","FA4N5",20170919,1169,1188
"1228","FA4N5",20171031,572,872
"1229","FA4N5",20180323,157,1083
"1230","FA4N5",20170202,567,824
"1231","FA4N5",20170510,20,67
"1232","FA4N5",20170809,1101,1102
"1233","FA4N5",20180430,440,718
"1234","FA4N5",20170703,241,462
"1235","FA4N5",20171117,39,1147
"1236","FA4N5",20170110,267,289
"1237","FA4N5",20180403,1048,1167
"1238","FA4N5",20170221,102,451
"1239","FA4N5",20170405,244,1189
"1240","FA4N5",20170224,52,247
"1241","FA4N5",20170318,393,413
"1242","3718M",20170719,466,691
"1243","3718M",20170402,549,721
"1244","3718M",20180412,215,673
"1245","3718M",20171223,693,1144
"1246","3718M",20180210,428,691
"1247","3718M",20171222,122,994
"1248","3718M",20170316,1067,1085
"1249","3718M",20180422,868,1011
"1250","3718M",20170319,952,1110
"1251","3718M",20170702,122,754
"1252","3718M",20170709,215,598
"1253","3718M",20170417,730,878
"1254","3718M",20171114,321,826
"1255","3718M",20170212,738,1198
"1256","3718M",20170403,449,694
"1257","3718M",20180116,579,637
"1258","3F8N0",20180426,1183,1187
"1259","3F8N0",20170816,193,258
"1260","3F8N0",20171208,318,925
"1261","3F8N0",20180125,432,902
"1262","3F8N0",20170720,298,625
"1263","3F8N0",20170305,199,383
"1264","3F8N0",20170418,241,652
"1265","3F8N0",20170519,148,891
"1266","3F8N0",20170216,880,886
"1267","3F8N0",20170623,1185,1195
"1268","3F8N0",20170928,581,893
"1269","3F8N0",20170424,912,928
"1270","3F8N0",20171124,947,1036
"1271","3F8N0",20171125,416,565
"1272","3F8N0",20171206,165,562
"1273","3F8N0",20170222,496,1084
"1274","3F8N0",20170518,348,1083
"1275","3F8N0",20171016,837,838
"1276","3F8N0",20170131,1123,1186
"1277","3F8N0",20170426,1018,1027
"1278","48100",20170410,113,191
"1279","48100",20170929,271,1016
"1280","48100",20180212,1026,1200
"1281","48100",20180405,1198,1199
"1282","48100",20170602,601,826
"1283","48100",20180322,67,356
"1284","48100",20170908,1167,1194
"1285","48100",20180207,963,1063
"1286","48100",20180302,795,902
"1287","48100",20180427,182,483
"1288","48100",20170514,78,527
"1289","48100",20170829,1043,1138
"1290","48100",20180320,784,876
"1291","48100",20170920,967,1009
"1292","48100",20170701,1136,1163
"1293","48100",20171122,431,606
"1294","48100",20170924,312,596
"1295","48100",20180126,346,886
"1296","48100",20171128,791,1171
"1297","48100",20170428,387,895
"1298","48100",20180216,438,1183
"1299","48100",20170501,495,1046
"1300","48100",20170904,900,1016
"1301","48100",20170824,954,1126
"1302","48100",20170505,1001,1084
"1303","48100",20180423,818,849
"1304","K3XEZ",20180426,842,1065
"1305","K3XEZ",20171023,504,657
"1306","K3XEZ",20170625,30,460
"1307","K3XEZ",20171223,36,1038
"1308","K3XEZ",20180407,1102,1160
"1309","K3XEZ",20170420,891,1054
"1310","K3XEZ",20170626,751,863
"1311","K3XEZ",20171205,803,958
"1312","K3XEZ",20170912,1050,1194
"1313","K3XEZ",20170705,281,667
"1314","K3XEZ",20170703,533,1150
"1315","0Y6DA",20171229,278,584
"1316","0Y6DA",20180102,769,1172
"1317","0Y6DA",20170323,418,565
"1318","0Y6DA",20170211,38,193
"1319","XTE42",20180205,1072,1134
"1320","XTE42",20170507,281,829
"1321","XTE42",20170320,203,583
"1322","XTE42",20170101,1188,1199
"1323","XTE42",20170917,138,1094
"1324","XTE42",20170620,647,861
"1325","XTE42",20171115,1085,1199
"1326","XTE42",20171206,1099,1185
"1327","XTE42",20170113,321,969
"1328","XTE42",20180120,859,1002
"1329","XTE42",20180118,1077,1092
"1330","XTE42",20180109,486,1124
"1331","XTE42",20170702,925,1038
"1332","XTE42",20170616,520,1093
"1333","XTE42",20171124,729,875
"1334","XTE42",20171021,1135,1168
"1335","XTE42",20180412,1082,1165
"1336","XTE42",20180227,818,1136
"1337","XTE42",20170427,974,994
"1338","XTE42",20170117,548,1037
"1339","XTE42",20180303,615,1186
"1340","XTE42",20180103,74,604
"1341","XTE42",20170320,751,875
"1342","XTE42",20180404,643,904
"1343","XTE42",20170420,556,869
"1344","XTE42",20171026,1083,1128
"1345","XTE42",20180307,1060,1179
"1346","XTE42",20170606,442,587
"1347","XTE42",20171115,1158,1176
"1348","XTE42",20171007,471,813
"1349","P876D",20170922,10,802
"1350","P876D",20170326,835,933
"1351","P876D",20170419,852,933
"1352","P876D",20180423,401,473
"1353","P876D",20180222,1060,1191
"1354","P876D",20170606,1010,1105
"1355","P876D",20170707,1061,1144
"1356","P876D",20170420,98,389
"1357","P876D",20170602,986,1014
"1358","P876D",20170619,416,1145
"1359","P876D",20170416,107,475
"1360","P876D",20180420,6,877
"1361","P876D",20170316,155,757
"1362","P876D",20180119,562,953
"1363","P876D",20170806,621,866
"1364","P876D",20170912,693,974
"1365","P876D",20170223,817,885
"1366","P876D",20170606,239,288
"1367","P876D",20180317,442,662
"1368","P876D",20170609,399,465
"1369","P876D",20170417,219,1017
"1370","P876D",20170613,820,914
"1371","P876D",20170601,490,956
"1372","P876D",20171115,715,1118
"1373","P876D",20170923,990,1085
"1374","P876D",20170701,614,953
"1375","530Q6",20180316,1013,1116
"1376","530Q6",20180420,135,776
"1377","530Q6",20170921,671,1043
"1378","530Q6",20170212,820,1008
"1379","530Q6",20180306,833,1198
"1380","530Q6",20170126,1183,1191
"1381","530Q6",20170303,89,159
"1382","530Q6",20171012,437,715
"1383","530Q6",20171231,151,239
"1384","530Q6",20180211,53,159
"1385","530Q6",20170505,730,1040
"1386","530Q6",20180409,961,1091
"1387","530Q6",20170603,524,560
"1388","530Q6",20170815,609,1036
"1389","530Q6",20170218,1020,1176
"1390","530Q6",20170417,190,556
"1391","530Q6",20170511,824,1017
"1392","2303S",20180130,180,1071
"1393","2303S",20170508,1075,1143
"1394","2303S",20171120,1061,1119
"1395","2303S",20180222,807,855
"1396","2303S",20180312,779,1086
"1397","2303S",20171109,1194,1199
"1398","I733Y",20170807,1177,1200
"1399","I733Y",20170315,207,784
"1400","I733Y",20180112,774,1164
"1401","I733Y",20170128,558,1189
"1402","I733Y",20170221,408,1080
"1403","I733Y",20171028,662,766
"1404","I733Y",20171112,609,837
"1405","I733Y",20170110,1130,1178
"1406","I733Y",20180301,54,786
"1407","I733Y",20170331,1182,1190
"1408","AD2A5",20171117,741,1133
"1409","AD2A5",20171031,891,1054
"1410","AD2A5",20170210,1070,1194
"1411","AD2A5",20170309,683,1189
"1412","AD2A5",20171215,905,1054
"1413","AD2A5",20180404,349,458
"1414","AD2A5",20170916,195,441
"1415","F83PZ",20170213,151,376
"1416","F83PZ",20180201,161,449
"1417","F83PZ",20170419,1016,1153
"1418","F83PZ",20170209,948,1175
"1419","F83PZ",20170116,633,691
"1420","F83PZ",20170515,516,1154
"1421","F83PZ",20171115,796,1084
"1422","F83PZ",20180418,583,1045
"1423","F83PZ",20170825,873,1002
"1424","F83PZ",20180423,821,1148
"1425","F83PZ",20170220,530,1193
"1426","F83PZ",20171109,210,283
"1427","F83PZ",20171117,1197,1199
"1428","F83PZ",20171021,75,789
"1429","F83PZ",20180311,100,915
"1430","F83PZ",20180203,776,1169
"1431","F83PZ",20170711,944,976
"1432","F83PZ",20180320,828,1196
"1433","F83PZ",20171007,1161,1164
"1434","F83PZ",20171007,663,688
"1435","F83PZ",20171022,834,860
"1436","F83PZ",20170502,926,997
"1437","F83PZ",20170713,654,1035
"1438","F83PZ",20170207,510,554
"1439","F83PZ",20170820,652,1029
"1440","F83PZ",20170228,963,1151
"1441","F83PZ",20170707,120,472
"1442","F83PZ",20170219,1181,1188
"1443","F83PZ",20170121,360,925
"1444","1AE2H",20171107,1,1046
"1445","1AE2H",20180131,903,984
"1446","1AE2H",20180404,425,692
"1447","1AE2H",20180109,461,944
"1448","1AE2H",20171113,446,1064
"1449","1AE2H",20180322,489,774
"1450","1AE2H",20171027,1141,1161
"1451","1AE2H",20180129,797,1086
"1452","1AE2H",20170429,984,1115
"1453","1AE2H",20170927,914,1107
"1454","1AE2H",20180119,668,751
"1455","1AE2H",20170430,685,949
"1456","1AE2H",20170410,11,848
"1457","1AE2H",20170723,79,163
"1458","1AE2H",20170610,577,659
"1459","TQU5U",20180427,607,875
"1460","TQU5U",20170928,1159,1181
"1461","TQU5U",20170101,381,1069
"1462","TQU5U",20171112,237,1057
"1463","06V71",20171224,1174,1181
"1464","06V71",20170331,329,927
"1465","7YL50",20170209,1123,1192
"1466","7YL50",20180425,124,973
"1467","7YL50",20170421,315,745
"1468","7YL50",20180426,1172,1182
"1469","7YL50",20171008,358,728
"1470","7YL50",20170413,1104,1148
"1471","7YL50",20171122,934,1158
"1472","7YL50",20170330,787,1153
"1473","7YL50",20170825,120,1007
"1474","7YL50",20170203,856,858
"1475","7YL50",20180123,571,641
"1476","7YL50",20171022,1094,1198
"1477","7YL50",20180315,1024,1143
"1478","YD4W4",20170625,489,744
"1479","YD4W4",20171002,485,672
"1480","YD4W4",20170907,104,294
"1481","YD4W4",20170211,1049,1090
"1482","YD4W4",20180311,1168,1181
"1483","YD4W4",20180405,156,903
"1484","YD4W4",20171230,670,887
"1485","YD4W4",20180103,1039,1176
"1486","YD4W4",20171223,957,994
"1487","YD4W4",20170412,754,960
"1488","7A4NF",20170219,160,1115
"1489","7A4NF",20170224,134,625
"1490","7A4NF",20180113,370,764
"1491","7A4NF",20180430,860,1143
"1492","7A4NF",20180413,308,547
"1493","7A4NF",20180425,937,1160
"1494","7A4NF",20170121,62,777
"1495","7A4NF",20170418,578,886
"1496","7A4NF",20180101,375,436
"1497","7A4NF",20180330,297,619
"1498","7A4NF",20170327,700,1056
"1499","7A4NF",20180409,498,1041
"1500","7A4NF",20170620,556,571
"1501","7A4NF",20180113,409,597
"1502","7A4NF",20170324,473,873
"1503","7A4NF",20170914,753,787
"1504","7A4NF",20170611,237,350
"1505","7A4NF",20170219,768,1173
"1506","7A4NF",20170306,1172,1190
"1507","7A4NF",20170528,105,934
"1508","7A4NF",20170416,582,830
"1509","7A4NF",20180405,927,1056
"1510","7A4NF",20170625,298,627
"1511","7A4NF",20180210,753,1140
"1512","7A4NF",20170824,116,978
"1513","J2033",20171003,225,1070
"1514","J2033",20180122,641,934
"1515","J2033",20170520,713,1053
"1516","J2033",20170707,479,1146
"1517","J2033",20170520,896,1042
"1518","J2033",20171112,700,1087
"1519","J2033",20180418,154,977
"1520","J2033",20171006,185,465
"1521","J2033",20171205,1067,1105
"1522","J2033",20180131,253,816
"1523","J2033",20180322,961,1042
"1524","J2033",20170915,640,649
"1525","J2033",20170905,1002,1091
"1526","J2033",20170628,365,502
"1527","J2033",20170909,336,941
"1528","J2033",20170326,1132,1173
"1529","J2033",20170701,125,287
"1530","J2033",20170210,1035,1107
"1531","J2033",20170101,242,955
"1532","J2033",20170615,238,1165
"1533","J2033",20180426,207,859
"1534","J2033",20170311,557,909
"1535","344VM",20180220,442,769
"1536","344VM",20170601,683,1020
"1537","344VM",20170131,86,208
"1538","344VM",20180123,928,1064
"1539","344VM",20170305,326,818
"1540","344VM",20170915,814,939
"1541","344VM",20180410,1169,1182
"1542","344VM",20180410,821,1111
"1543","344VM",20170125,315,1124
"1544","344VM",20171003,482,691
"1545","344VM",20180207,799,1143
"1546","344VM",20171117,949,1130
"1547","344VM",20170513,1181,1198
"1548","344VM",20170324,253,972
"1549","344VM",20170723,309,850
"1550","344VM",20171115,1194,1199
"1551","344VM",20171130,9,500
"1552","344VM",20170429,183,980
"1553","344VM",20170129,420,636
"1554","344VM",20180115,1087,1195
"1555","X377L",20180315,195,254
"1556","X377L",20170721,793,933
"1557","X377L",20170525,1051,1089
"1558","X377L",20180223,249,292
"1559","X377L",20170413,603,881
"1560","X377L",20180122,875,994
"1561","X377L",20180307,1020,1165
"1562","X377L",20170419,372,410
"1563","X377L",20170312,148,852
"1564","X377L",20171011,305,1071
"1565","X377L",20170416,5,182
"1566","X377L",20180215,465,694
"1567","X377L",20180315,784,1066
"1568","X377L",20171025,545,760
"1569","X377L",20170503,725,845
"1570","X377L",20170730,276,788
"1571","X377L",20170705,290,562
"1572","X377L",20170117,830,1070
"1573","X377L",20171031,16,28
"1574","X377L",20170501,996,1072
"1575","X377L",20170513,475,631
"1576","X377L",20170226,684,964
"1577","X377L",20171031,1144,1191
"1578","X377L",20170709,218,360
"1579","X377L",20180114,708,745
"1580","X377L",20180404,674,867
"1581","X377L",20180310,942,1084
"1582","X377L",20170227,887,1138
"1583","RXP8M",20171024,737,1101
"1584","RXP8M",20171002,566,831
"1585","RXP8M",20171013,368,1031
"1586","RXP8M",20180419,874,1128
"1587","RXP8M",20170127,1111,1172
"1588","RXP8M",20170902,955,1101
"1589","RXP8M",20170411,863,921
"1590","RXP8M",20180112,20,700
"1591","RXP8M",20171016,942,1059
"1592","RXP8M",20170120,464,1039
"1593","RXP8M",20180213,1046,1066
"1594","RXP8M",20170909,850,1197
"1595","RXP8M",20180325,1062,1154
"1596","RXP8M",20180131,847,1015
"1597","RXP8M",20170125,74,267
"1598","RXP8M",20170125,803,981
"1599","RXP8M",20180330,943,1004
"1600","RXP8M",20170713,266,291
"1601","RXP8M",20170801,1162,1165
"1602","RXP8M",20170703,933,1018
"1603","7OG72",20180222,420,749
"1604","7OG72",20170628,362,997
"1605","7OG72",20170307,527,591
"1606","7OG72",20170419,334,910
"1607","7OG72",20171219,478,1086
"1608","7OG72",20180410,393,462
"1609","7OG72",20180212,924,987
"1610","7OG72",20180423,140,768
"1611","7OG72",20170308,500,1173
"1612","7OG72",20170121,287,723
"1613","7OG72",20170913,100,669
"1614","7OG72",20170929,816,1160
"1615","7OG72",20180416,849,924
"1616","66Z13",20170518,33,1155
"1617","66Z13",20170227,707,1159
"1618","66Z13",20170219,1051,1125
"1619","66Z13",20170511,1148,1157
"1620","66Z13",20170123,61,769
"1621","66Z13",20170413,90,1090
"1622","66Z13",20170909,290,474
"1623","66Z13",20180321,775,973
"1624","66Z13",20171231,262,696
"1625","66Z13",20180405,1077,1156
"1626","66Z13",20170123,911,1031
"1627","66Z13",20180426,606,963
"1628","66Z13",20170130,1058,1120
"1629","66Z13",20171116,630,1188
"1630","66Z13",20170324,628,662
"1631","66Z13",20180416,21,602
"1632","66Z13",20180117,883,883
"1633","66Z13",20170307,256,732
"1634","CZ1H8",20170501,919,1038
"1635","CZ1H8",20170905,681,1055
"1636","CZ1H8",20171116,557,730
"1637","CZ1H8",20170104,493,1096
"1638","CZ1H8",20170220,997,1019
"1639","CZ1H8",20170317,380,1016
"1640","CZ1H8",20170620,218,740
"1641","CZ1H8",20170929,564,1145
"1642","CZ1H8",20170117,1149,1191
"1643","CZ1H8",20171023,496,1072
"1644","CZ1H8",20170620,647,765
"1645","CZ1H8",20170922,1123,1152
"1646","CZ1H8",20171017,637,1102
"1647","CZ1H8",20170927,161,238
"1648","CZ1H8",20171011,309,494
"1649","CZ1H8",20180220,294,646
"1650","CZ1H8",20170828,916,1091
"1651","7U8WH",20170525,302,524
"1652","7U8WH",20170721,587,837
"1653","7U8WH",20171128,789,1086
"1654","7U8WH",20180114,186,664
"1655","7U8WH",20170125,1149,1151
"1656","7U8WH",20180306,425,1198
"1657","5VE7U",20180419,55,1070
"1658","5VE7U",20170109,898,915
"1659","5VE7U",20170313,582,880
"1660","5VE7U",20180321,657,1010
"1661","5VE7U",20170926,189,299
"1662","5VE7U",20171115,543,593
"1663","5VE7U",20170727,694,1048
"1664","5VE7U",20180329,53,616
"1665","5VE7U",20171130,859,1074
"1666","5VE7U",20170127,489,1192
"1667","5VE7U",20170209,1162,1169
"1668","5VE7U",20170828,580,1035
"1669","5VE7U",20170622,271,717
"1670","5VE7U",20180417,1064,1102
"1671","5VE7U",20170714,748,1032
"1672","5VE7U",20180221,122,508
"1673","5VE7U",20180317,1136,1173
"1674","5VE7U",20170930,968,1164
"1675","5VE7U",20180305,621,901
"1676","5VE7U",20180103,462,661
"1677","5VE7U",20170416,870,940
"1678","5VE7U",20170730,240,1033
"1679","5VE7U",20170201,479,1188
"1680","5VE7U",20180315,356,812
"1681","5VE7U",20170622,341,465
"1682","5VE7U",20170522,549,896
"1683","5VE7U",20180412,602,735
"1684","5VE7U",20180118,924,1059
"1685","5VE7U",20180214,325,1005
"1686","5VE7U",20171122,761,1160
"1687","3DC24",20171229,387,1065
"1688","3DC24",20171104,446,1079
"1689","3DC24",20170419,329,568
"1690","3DC24",20171108,959,1184
"1691","3DC24",20170829,1162,1177
"1692","3DC24",20170603,178,1030
"1693","3DC24",20170112,1132,1138
"1694","3DC24",20171004,379,514
"1695","3DC24",20180219,307,1096
"1696","3DC24",20170831,812,818
"1697","3DC24",20171006,523,1143
"1698","3DC24",20170329,372,721
"1699","3DC24",20170517,301,601
"1700","3DC24",20170506,1154,1168
"1701","3DC24",20180222,74,194
"1702","3DC24",20171220,871,1196
"1703","3DC24",20171002,637,651
"1704","6LSTG",20180109,399,515
"1705","6LSTG",20171226,412,627
"1706","6LSTG",20170902,365,935
"1707","6LSTG",20171028,656,1115
"1708","6LSTG",20170408,217,226
"1709","6LSTG",20170708,717,942
"1710","6LSTG",20170312,857,872
"1711","6LSTG",20180206,109,257
"1712","6LSTG",20170507,803,1159
"1713","6LSTG",20171123,562,1071
"1714","6LSTG",20180318,153,794
"1715","551F6",20171213,208,1163
"1716","551F6",20180224,556,1134
"1717","551F6",20180226,448,1037
"1718","551F6",20170123,1198,1199
"1719","551F6",20171229,190,1174
"1720","551F6",20171223,638,1036
"1721","551F6",20170328,389,857
"1722","551F6",20170919,410,463
"1723","551F6",20170519,471,528
"1724","551F6",20170712,920,1152
"1725","551F6",20180127,311,633
"1726","551F6",20170718,1084,1150
"1727","551F6",20170501,788,862
"1728","551F6",20180318,67,919
"1729","551F6",20180304,972,1100
"1730","551F6",20180127,158,1076
"1731","551F6",20171121,271,756
"1732","551F6",20180428,337,620
"1733","551F6",20180226,111,130
"1734","551F6",20171023,711,788
"1735","551F6",20170105,750,1155
"1736","MYQ6A",20180419,593,1164
"1737","MYQ6A",20170328,1139,1174
"1738","MYQ6A",20170817,599,951
"1739","MYQ6A",20180104,398,909
"1740","MYQ6A",20170131,165,685
"1741","MYQ6A",20170321,563,861
"1742","MYQ6A",20171014,76,937
"1743","MYQ6A",20170806,121,445
"1744","MYQ6A",20171121,932,1197
"1745","MYQ6A",20170603,816,1132
"1746","MYQ6A",20170817,1128,1170
"1747","MYQ6A",20180123,936,1081
"1748","MYQ6A",20180112,994,1149
"1749","MYQ6A",20171217,441,899
"1750","MYQ6A",20170817,272,1048
"1751","MYQ6A",20170610,264,1191
"1752","MYQ6A",20170123,858,893
"1753","MYQ6A",20180124,84,341
"1754","MYQ6A",20170804,301,781
"1755","MYQ6A",20180411,54,718
"1756","MYQ6A",20170207,300,1183
"1757","MYQ6A",20171006,583,954
"1758","MYQ6A",20170525,775,959
"1759","MYQ6A",20170713,930,1197
"1760","MYQ6A",20170116,385,920
"1761","MYQ6A",20170321,609,726
"1762","MYQ6A",20170208,371,962
"1763","MYQ6A",20170507,816,884
"1764","MYQ6A",20180327,325,1052
"1765","J5IO8",20171016,192,588
"1766","J5IO8",20180211,1007,1099
"1767","J5IO8",20170106,15,1104
"1768","J5IO8",20170123,505,560
"1769","J5IO8",20170731,1014,1139
"1770","J5IO8",20170817,486,1113
"1771","J5IO8",20180312,280,598
"1772","J5IO8",20170423,25,1133
"1773","J5IO8",20171031,347,744
"1774","TLF67",20170106,523,901
"1775","TLF67",20180412,77,85
"1776","TLF67",20170517,922,1007
"1777","TLF67",20170808,214,1117
"1778","TLF67",20170306,303,648
"1779","TLF67",20180304,479,981
"1780","TLF67",20170324,727,901
"1781","TLF67",20180405,855,912
"1782","TLF67",20170821,202,579
"1783","TLF67",20180308,62,306
"1784","TLF67",20180130,26,560
"1785","TLF67",20180410,1007,1150
"1786","TLF67",20171025,128,1141
"1787","TLF67",20170503,460,1025
"1788","TLF67",20171223,662,806
"1789","TLF67",20170128,619,1028
"1790","TLF67",20170512,457,548
"1791","TLF67",20170325,723,805
"1792","TLF67",20170201,314,337
"1793","TLF67",20170712,467,650
"1794","TLF67",20170610,565,715
"1795","TLF67",20171114,1045,1076
"1796","76W33",20170822,291,843
"1797","76W33",20170804,600,886
"1798","76W33",20170507,272,1015
"1799","76W33",20171118,101,1086
"1800","76W33",20180104,230,507
"1801","76W33",20180402,750,946
"1802","76W33",20171112,249,949
"1803","76W33",20171205,865,1176
"1804","76W33",20170908,960,1099
"1805","QN47X",20170128,65,759
"1806","QN47X",20180121,420,915
"1807","QN47X",20180329,582,1136
"1808","QN47X",20170602,1190,1192
"1809","QN47X",20170606,24,371
"1810","QN47X",20170331,635,847
"1811","QN47X",20171114,2,85
"1812","QN47X",20170506,1138,1158
"1813","QN47X",20170910,96,811
"1814","QN47X",20171202,1170,1172
"1815","QN47X",20170302,1147,1196
"1816","QN47X",20170126,1170,1174
"1817","QN47X",20170514,1104,1190
"1818","QN47X",20171125,1159,1185
"1819","QN47X",20170227,373,1003
"1820","QN47X",20170316,130,922
"1821","QN47X",20180208,1062,1126
"1822","QN47X",20170601,959,1115
"1823","QN47X",20170319,1063,1106
"1824","QN47X",20180116,1081,1162
"1825","QN47X",20170721,1039,1105
"1826","QN47X",20180405,24,947
"1827","QN47X",20170309,700,826
"1828","V5M14",20180126,507,879
"1829","V5M14",20180130,726,1109
"1830","V5M14",20170124,6,39
"1831","V5M14",20170829,383,1086
"1832","V5M14",20180105,1072,1199
"1833","V5M14",20180112,773,795
"1834","V5M14",20170814,290,1006
"1835","77Q7L",20170702,517,712
"1836","77Q7L",20170921,7,475
"1837","77Q7L",20171226,703,945
"1838","77Q7L",20170415,784,807
"1839","77Q7L",20180129,1110,1144
"1840","77Q7L",20170728,311,507
"1841","MZQ3U",20180303,948,960
"1842","MZQ3U",20170712,63,383
"1843","MZQ3U",20171027,949,1139
"1844","MZQ3U",20171220,113,989
"1845","MZQ3U",20170428,263,1178
"1846","MZQ3U",20170306,701,722
"1847","MZQ3U",20171223,1163,1170
"1848","MZQ3U",20180412,240,1053
"1849","MZQ3U",20170922,1187,1199
"1850","MZQ3U",20170224,406,559
"1851","MZQ3U",20171203,877,943
"1852","MZQ3U",20170109,964,1191
"1853","MZQ3U",20171004,249,1061
"1854","MZQ3U",20180425,817,1039
"1855","MZQ3U",20180424,857,1166
"1856","MZQ3U",20171213,897,921
"1857","MZQ3U",20180102,489,580
"1858","MZQ3U",20170912,257,442
"1859","MZQ3U",20170107,38,974
"1860","MZQ3U",20180218,22,342
"1861","MZQ3U",20171109,421,477
"1862","MZQ3U",20170208,50,1115
"1863","MZQ3U",20170824,90,602
"1864","MZQ3U",20180315,1012,1049
"1865","MZQ3U",20170222,726,1179
"1866","72B16",20170418,184,450
"1867","72B16",20180114,973,1050
"1868","72B16",20170514,984,1067
"1869","72B16",20180402,86,1077
"1870","72B16",20170829,81,435
"1871","72B16",20180118,46,57
"1872","72B16",20170219,706,787
"1873","72B16",20171221,620,1061
"1874","72B16",20170619,156,175
"1875","72B16",20171123,589,934
"1876","72B16",20180406,728,837
"1877","72B16",20170829,1081,1189
"1878","4K76L",20180320,515,836
"1879","4K76L",20170831,890,1014
"1880","4K76L",20171027,501,800
"1881","4K76L",20170829,1154,1176
"1882","4K76L",20171122,293,740
"1883","4K76L",20170221,432,771
"1884","4K76L",20171222,344,1184
"1885","4K76L",20170513,270,405
"1886","4K76L",20171003,743,1171
"1887","4K76L",20170518,581,1187
"1888","4K76L",20170504,347,948
"1889","4K76L",20170804,341,647
"1890","4K76L",20170525,1162,1180
"1891","4K76L",20171001,20,603
"1892","4K76L",20170424,965,1095
"1893","5VK83",20170103,939,1084
"1894","5VK83",20170722,478,865
"1895","5VK83",20180310,1063,1159
"1896","5VK83",20170730,1118,1182
"1897","5VK83",20170729,616,746
"1898","5VK83",20171227,198,1069
"1899","5VK83",20170322,921,924
"1900","5VK83",20170717,151,771
"1901","5VK83",20171104,272,924
"1902","5VK83",20170902,104,682
"1903","5VK83",20170116,688,729
"1904","5VK83",20170415,938,1139
"1905","5VK83",20170429,542,1012
"1906","5VK83",20170609,917,1122
"1907","5VK83",20170804,949,1047
"1908","5VK83",20170417,177,989
"1909","5VK83",20180307,727,1163
"1910","5VK83",20170707,535,817
"1911","5VK83",20171028,321,383
"1912","S702J",20170118,98,602
"1913","S702J",20170114,966,1163
"1914","S702J",20170925,483,1094
"1915","S702J",20171225,474,977
"1916","S702J",20170620,273,500
"1917","S702J",20180207,74,699
"1918","S702J",20170615,158,399
"1919","S702J",20171020,982,1133
"1920","S702J",20180409,382,774
"1921","S702J",20180127,416,908
"1922","S702J",20180106,589,737
"1923","S702J",20170607,115,466
"1924","S702J",20170712,866,881
"1925","S702J",20170715,971,1180
"1926","S702J",20170527,334,1188
"1927","S702J",20180212,848,965
"1928","S702J",20170801,224,779
"1929","S702J",20180209,285,746
"1930","S702J",20170418,1180,1200
"1931","S702J",20170516,974,1200
"1932","S702J",20170816,973,1128
"1933","S702J",20170726,1114,1139
"1934","S702J",20170206,821,1097
"1935","S702J",20180402,43,821
"1936","S702J",20170302,445,1127
"1937","S702J",20180225,424,956
"1938","S702J",20180107,830,1198
"1939","S702J",20170724,318,737
"1940","S702J",20180303,117,994
"1941","S702J",20170206,791,894
"1942","X1IYH",20170603,330,1124
"1943","X1IYH",20171024,983,1156
"1944","X1IYH",20180126,774,1058
"1945","X1IYH",20180201,756,1058
"1946","X1IYH",20180202,402,947
"1947","X1IYH",20170907,151,900
"1948","X1IYH",20170610,824,1102
"1949","X1IYH",20171023,1144,1171
"1950","X1IYH",20170304,1153,1157
"1951","X1IYH",20170725,345,1198
"1952","X1IYH",20171002,26,392
"1953","X1IYH",20180113,414,760
"1954","X1IYH",20171015,12,881
"1955","X1IYH",20170713,1194,1198
"1956","X1IYH",20170516,702,1068
"1957","X1IYH",20170526,169,586
"1958","X1IYH",20180214,985,1089
"1959","X1IYH",20170312,93,1048
"1960","X1IYH",20171102,1064,1193
"1961","X1IYH",20170213,1188,1196
"1962","X1IYH",20170810,13,417
"1963","X1IYH",20180410,463,933
"1964","X1IYH",20171010,178,721
"1965","X1IYH",20170409,631,1190
"1966","X1IYH",20171016,257,1137
"1967","X1IYH",20170912,252,1090
"1968","X1IYH",20171206,409,1121
"1969","X1IYH",20170221,812,1026
"1970","X1IYH",20170106,739,827
"1971","X1IYH",20171003,1150,1161
"1972","2P828",20170715,25,812
"1973","2P828",20171218,780,1199
"1974","2P828",20170114,487,974
"1975","2P828",20170511,820,868
"1976","2P828",20170731,362,442
"1977","2P828",20170303,647,1180
"1978","2P828",20170111,85,962
"1979","2P828",20171017,891,896
"1980","2P828",20171006,560,1063
"1981","2P828",20170106,136,541
"1982","QSD41",20180214,753,1112
"1983","QSD41",20170129,883,1178
"1984","QSD41",20170424,550,912
"1985","QSD41",20170301,1084,1112
"1986","QSD41",20170222,276,743
"1987","QSD41",20170527,1175,1197
"1988","QSD41",20170105,230,1042
"1989","QSD41",20171226,254,505
"1990","QSD41",20180101,864,906
"1991","QSD41",20180307,474,1103
"1992","QSD41",20180421,1105,1173
"1993","QSD41",20180128,542,696
"1994","QSD41",20171121,639,739
"1995","QSD41",20180210,374,842
"1996","QSD41",20180119,191,241
"1997","QSD41",20170608,1025,1133
"1998","QSD41",20170819,414,833
"1999","QSD41",20170303,130,384
"2000","QSD41",20170430,498,1122
"2001","QSD41",20170303,257,1042
"2002","QSD41",20180407,895,1156
"2003","QSD41",20170226,555,597
"2004","V14R0",20180318,1003,1187
"2005","V14R0",20170808,213,1185
"2006","V14R0",20171215,552,908
"2007","V14R0",20171208,408,934
"2008","V14R0",20170729,1016,1091
"2009","V14R0",20171110,593,849
"2010","20U07",20180408,660,1112
"2011","20U07",20170102,698,1120
"2012","20U07",20170423,570,642
"2013","20U07",20170131,392,864
"2014","20U07",20170510,8,1081
"2015","20U07",20180420,588,912
"2016","20U07",20170314,537,777
"2017","0EY7M",20170214,150,341
"2018","0EY7M",20170911,96,1061
"2019","0EY7M",20170627,996,1139
"2020","0EY7M",20170702,46,1190
"2021","0EY7M",20170821,268,1009
"2022","0EY7M",20170102,618,1190
"2023","0EY7M",20171112,955,1108
"2024","0EY7M",20170607,1054,1102
"2025","0EY7M",20180205,866,936
"2026","0EY7M",20180418,923,1076
"2027","0EY7M",20170204,371,1124
"2028","0EY7M",20170716,622,700
"2029","0EY7M",20180223,1194,1194
"2030","0EY7M",20170227,197,617
"2031","0EY7M",20171228,956,1040
"2032","0EY7M",20180417,70,685
"2033","0EY7M",20170313,1045,1071
"2034","0EY7M",20170630,609,697
"2035","0EY7M",20170823,989,1136
"2036","0EY7M",20170827,508,724
"2037","0EY7M",20170828,834,874
"2038","0EY7M",20170409,124,900
"2039","0EY7M",20170315,684,717
"2040","0EY7M",20170720,893,1066
"2041","0EY7M",20180228,66,314
"2042","0EY7M",20170722,704,1073
"2043","VHN8M",20170330,1110,1184
"2044","VHN8M",20171206,672,823
"2045","VHN8M",20170513,146,543
"2046","VHN8M",20170204,866,1127
"2047","VHN8M",20180501,658,989
"2048","VHN8M",20170306,1026,1200
"2049","VHN8M",20170901,513,1013
"2050","0WG67",20170627,1074,1117
"2051","0WG67",20170526,1130,1199
"2052","0WG67",20180227,1069,1163
"2053","0WG67",20170615,792,1011
"2054","0WG67",20170730,1097,1125
"2055","0WG67",20171117,1036,1066
"2056","72244",20171223,361,907
"2057","72244",20170112,681,1131
"2058","72244",20170703,739,904
"2059","72244",20171009,960,967
"2060","72244",20170614,772,935
"2061","72244",20180302,1045,1136
"2062","72244",20170219,1130,1183
"2063","TY21F",20171022,304,1156
"2064","TY21F",20170116,904,1166
"2065","TY21F",20170926,904,1194
"2066","TY21F",20180331,335,562
"2067","TY21F",20170810,317,971
"2068","TY21F",20180423,1184,1200
"2069","TY21F",20170417,990,1150
"2070","TY21F",20170727,1029,1155
"2071","TY21F",20170206,511,754
"2072","TY21F",20170329,1079,1176
"2073","TY21F",20170211,476,1188
"2074","TY21F",20170728,1170,1198
"2075","TY21F",20170821,363,842
"2076","TY21F",20170121,1156,1177
"2077","TY21F",20171112,412,1134
"2078","TY21F",20170607,772,1144
"2079","TY21F",20170416,856,1155
"2080","TY21F",20180328,333,613
"2081","TD7DF",20171112,387,418
"2082","TD7DF",20180227,259,1128
"2083","TD7DF",20170305,407,658
"2084","TD7DF",20170318,764,1027
"2085","TD7DF",20180126,748,956
"2086","TD7DF",20170225,1173,1189
"2087","TD7DF",20170802,1169,1195
"2088","TD7DF",20180430,379,1104
"2089","1YHL3",20170701,229,1183
"2090","1YHL3",20170131,909,1079
"2091","1YHL3",20180209,700,995
"2092","1YHL3",20171107,331,627
"2093","1YHL3",20180430,963,1094
"2094","1YHL3",20171216,134,1197
"2095","1YHL3",20171018,1004,1105
"2096","1YHL3",20170209,1131,1175
"2097","1YHL3",20170610,702,776
"2098","1YHL3",20170322,462,582
"2099","1YHL3",20170217,467,1020
"2100","1YHL3",20180412,1179,1199
"2101","1YHL3",20170811,167,497
"2102","1YHL3",20171124,481,799
"2103","1YHL3",20170328,673,1195
"2104","1YHL3",20170112,252,838
"2105","1YHL3",20170811,674,726
"2106","1YHL3",20170510,227,345
"2107","1YHL3",20171103,440,1111
"2108","1YHL3",20180209,1096,1128
"2109","1YHL3",20171102,865,1092
"2110","1YHL3",20170709,822,1197
"2111","1YHL3",20170503,656,907
"2112","O5U57",20171117,474,492
"2113","O5U57",20170712,915,1055
"2114","O5U57",20170314,845,945
"2115","O5U57",20170207,143,1107
"2116","E0ZJ2",20171022,955,985
"2117","E0ZJ2",20180203,111,841
"2118","E0ZJ2",20170403,523,955
"2119","7MWHJ",20170916,544,654
"2120","7MWHJ",20170721,367,1094
"2121","7MWHJ",20170405,1165,1177
"2122","7MWHJ",20170527,903,1008
"2123","7MWHJ",20180131,869,1052
"2124","7MWHJ",20170713,308,405
"2125","7MWHJ",20170402,348,1133
"2126","7MWHJ",20170318,497,599
"2127","7MWHJ",20171020,213,1035
"2128","7MWHJ",20170414,228,1163
"2129","7MWHJ",20170517,763,1154
"2130","7MWHJ",20170409,573,1194
"2131","7MWHJ",20180412,1116,1116
"2132","7MWHJ",20170723,661,994
"2133","7MWHJ",20170503,1129,1162
"2134","7MWHJ",20170908,898,946
"2135","7MWHJ",20170110,870,1031
"2136","7MWHJ",20170119,499,676
"2137","7MWHJ",20180112,690,1165
"2138","7MWHJ",20180109,273,885
"2139","8I2HW",20170102,67,259
"2140","8I2HW",20170505,515,1133
"2141","8I2HW",20170915,1051,1137
"2142","8I2HW",20170905,622,627
"2143","8I2HW",20170719,1101,1185
"2144","8I2HW",20170423,1127,1127
"2145","8I2HW",20180413,958,989
"2146","8I2HW",20170422,1147,1189
"2147","8I2HW",20170614,616,816
"2148","8I2HW",20171110,698,912
"2149","8I2HW",20170620,868,1069
"2150","8I2HW",20170222,467,1052
"2151","8I2HW",20170117,1161,1191
"2152","8I2HW",20170804,473,893
"2153","8I2HW",20170517,922,951
"2154","8I2HW",20180317,63,557
"2155","R55GR",20170718,41,741
"2156","R55GR",20171023,203,532
"2157","R55GR",20171122,839,899
"2158","R55GR",20171003,189,589
"2159","R55GR",20171104,469,996
"2160","R55GR",20170703,876,1030
"2161","R55GR",20171022,671,899
"2162","R55GR",20170823,577,836
"2163","R55GR",20171208,392,910
"2164","R55GR",20170613,1170,1192
"2165","R55GR",20170829,836,1154
"2166","R55GR",20170914,273,889
"2167","R55GR",20180420,1161,1196
"2168","R55GR",20170429,66,153
"2169","R55GR",20171125,258,933
"2170","R55GR",20180214,610,1158
"2171","R55GR",20171013,1192,1199
"2172","R55GR",20171012,693,779
"2173","R55GR",20170821,26,813
"2174","R55GR",20170511,197,639
"2175","R55GR",20180104,978,1111
"2176","R55GR",20171127,663,923
"2177","R55GR",20171213,516,632
"2178","2STMK",20170728,622,782
"2179","2STMK",20170111,906,1154
"2180","2STMK",20171130,1070,1196
"2181","2STMK",20170813,10,1123
"2182","2STMK",20170516,1180,1185
"2183","2STMK",20180116,447,1029
"2184","2STMK",20170926,37,608
"2185","2STMK",20180221,1159,1200
"2186","2STMK",20170106,900,1003
"2187","2STMK",20180318,1033,1088
"2188","2STMK",20170703,1069,1133
"2189","C581L",20180316,181,511
"2190","C581L",20170914,201,923
"2191","C581L",20170718,671,875
"2192","C581L",20170730,543,647
"2193","C581L",20171124,346,451
"2194","C581L",20171128,248,658
"2195","C581L",20180111,811,877
"2196","C581L",20171104,422,470
"2197","C581L",20170718,198,343
"2198","C581L",20180204,682,1088
"2199","C581L",20180127,503,734
"2200","C581L",20170708,1058,1082
"2201","C581L",20180324,1182,1192
"2202","C581L",20170901,913,954
"2203","C581L",20170302,688,774
"2204","C581L",20170913,209,727
"2205","C581L",20180429,481,707
"2206","C581L",20170101,23,1071
"2207","C581L",20180104,223,767
"2208","C581L",20170107,244,635
"2209","C581L",20180430,76,642
"2210","C581L",20180310,113,882
"2211","C581L",20170803,939,985
"2212","C581L",20170218,802,882
"2213","C581L",20170608,359,1180
"2214","C581L",20171207,395,757
"2215","C581L",20170709,902,1101
"2216","C581L",20170705,805,923
"2217","C581L",20170801,965,1131
"2218","C581L",20170720,980,1052
"2219","WF7P1",20170914,575,734
"2220","WF7P1",20170312,872,1061
"2221","WF7P1",20180224,306,702
"2222","WF7P1",20180119,82,803
"2223","WF7P1",20170628,906,1087
"2224","WF7P1",20170509,1192,1200
"2225","WF7P1",20180329,352,1122
"2226","WF7P1",20180316,1039,1180
"2227","WF7P1",20170619,815,870
"2228","WF7P1",20170321,1016,1119
"2229","WF7P1",20170412,1031,1074
"2230","WF7P1",20170804,24,650
"2231","WF7P1",20170727,1074,1122
"2232","WF7P1",20170809,636,866
"2233","WF7P1",20171123,873,1165
"2234","WF7P1",20170510,1064,1092
"2235","WF7P1",20180225,259,576
"2236","WF7P1",20180408,442,619
"2237","WF7P1",20171010,616,681
"2238","WF7P1",20170707,399,691
"2239","WF7P1",20170616,529,588
"2240","WF7P1",20171216,1004,1169
"2241","WF7P1",20170516,356,790
"2242","WF7P1",20170501,830,1167
"2243","WF7P1",20170527,5,788
"2244","WF7P1",20180118,309,444
"2245","WF7P1",20170706,319,901
"2246","MORMA",20170721,694,704
"2247","MORMA",20170401,1104,1191
"2248","MORMA",20170604,1056,1068
"2249","MORMA",20170106,995,1035
"2250","MORMA",20170924,573,802
"2251","MORMA",20170727,230,527
"2252","MORMA",20170603,424,960
"2253","MORMA",20180212,354,1048
"2254","MORMA",20170228,13,222
"2255","MORMA",20171119,648,1153
"2256","MORMA",20170917,93,1130
"2257","MORMA",20170310,882,1172
"2258","MORMA",20180411,1158,1179
"2259","MORMA",20170629,654,1107
"2260","MORMA",20171228,988,1156
"2261","MORMA",20180501,1029,1183
"2262","MORMA",20180330,554,1153
"2263","MORMA",20170818,496,544
"2264","MORMA",20170313,650,1060
"2265","MORMA",20171009,957,1063
"2266","MORMA",20180304,984,1112
"2267","MORMA",20180124,379,385
"2268","MORMA",20170213,485,491
"2269","MORMA",20170117,737,982
"2270","MORMA",20171023,520,673
"2271","MORMA",20171210,486,983
"2272","48Z38",20170611,813,1122
"2273","48Z38",20171212,1150,1153
"2274","48Z38",20170820,919,921
"2275","48Z38",20180314,315,1150
"2276","48Z38",20170120,482,1138
"2277","F3U8A",20180423,828,946
"2278","F3U8A",20170918,641,739
"2279","F3U8A",20170604,1038,1047
"2280","F3U8A",20180219,735,1111
"2281","F3U8A",20180315,481,951
"2282","F3U8A",20170827,392,629
"2283","F3U8A",20180407,176,902
"2284","F3U8A",20170505,1046,1047
"2285","F3U8A",20170815,346,488
"2286","F3U8A",20170530,1155,1157
"2287","F3U8A",20171020,621,1049
"2288","F3U8A",20180320,79,939
"2289","F3U8A",20170912,500,694
"2290","F3U8A",20170601,748,1158
"2291","F3U8A",20170823,132,454
"2292","F3U8A",20170427,619,1094
"2293","F3U8A",20180312,150,280
"2294","F3U8A",20170919,253,1187
"2295","F3U8A",20180119,499,808
"2296","F3U8A",20180324,608,1071
"2297","F3U8A",20170814,105,1056
"2298","F3U8A",20171029,1190,1198
"2299","F3U8A",20180311,241,821
"2300","F3U8A",20180223,851,1124
"2301","F3U8A",20170731,137,718
"2302","F3U8A",20170913,808,1161
"2303","F3U8A",20170203,701,1193
"2304","F3U8A",20170713,74,756
"2305","F3U8A",20180128,301,670
"2306","NF4S2",20171030,27,367
"2307","NF4S2",20170412,631,1147
"2308","NF4S2",20171220,139,1106
"2309","3JP0X",20180426,189,285
"2310","3JP0X",20170331,32,827
"2311","3JP0X",20171002,713,1151
"2312","3JP0X",20180226,830,881
"2313","3JP0X",20170906,860,939
"2314","3JP0X",20180209,942,1055
"2315","3JP0X",20170110,707,1187
"2316","3JP0X",20180427,79,1085
"2317","3JP0X",20180418,759,915
"2318","3JP0X",20180224,753,932
"2319","3JP0X",20171101,197,827
"2320","3JP0X",20170517,310,480
"2321","3JP0X",20170301,920,1036
"2322","3JP0X",20170720,773,1009
"2323","3JP0X",20180306,906,1138
"2324","3JP0X",20180120,544,1134
"2325","3JP0X",20170902,558,632
"2326","3JP0X",20170613,1103,1116
"2327","3JP0X",20170226,108,1074
"2328","3JP0X",20180113,120,356
"2329","3JP0X",20171023,546,1129
"2330","3JP0X",20170701,932,1156
"2331","3JP0X",20170707,163,223
"2332","3JP0X",20170101,154,609
"2333","3JP0X",20170514,654,822
"2334","3JP0X",20170708,9,837
"2335","3JP0X",20170623,1061,1166
"2336","3JP0X",20180122,909,1186
"2337","3JP0X",20170530,87,103
"2338","3BRSC",20170425,1159,1175
"2339","3BRSC",20180426,151,255
"2340","3BRSC",20170313,576,896
"2341","3BRSC",20171218,761,914
"2342","3BRSC",20170313,1109,1156
"2343","3BRSC",20170318,218,864
"2344","3BRSC",20170811,310,605
"2345","3BRSC",20171206,813,995
"2346","3BRSC",20170629,494,831
"2347","3BRSC",20170327,88,1192
"2348","3BRSC",20180115,354,825
"2349","RMX31",20180117,712,786
"2350","58636",20170806,1029,1186
"2351","58636",20180220,868,1162
"2352","58636",20180219,248,782
"2353","58636",20170727,22,488
"2354","58636",20170117,605,871
"2355","58636",20180223,751,930
"2356","58636",20180121,733,957
"2357","58636",20170508,1195,1199
"2358","58636",20170504,722,1188
"2359","58636",20170127,215,728
"2360","58636",20171031,161,373
"2361","58636",20180305,523,546
"2362","58636",20180120,362,943
"2363","58636",20170610,752,832
"2364","58636",20170215,422,855
"2365","58636",20170413,154,261
"2366","58636",20170422,570,1196
"2367","58636",20171103,137,664
"2368","58636",20170515,913,1062
"2369","58636",20170308,395,1053
"2370","58636",20170411,712,845
"2371","58636",20180419,1034,1100
"2372","58636",20171003,145,933
"2373","58636",20170406,1167,1175
"2374","58636",20171201,902,1058
"2375","58636",20171220,1158,1168
"2376","58636",20170218,296,364
"2377","58636",20170830,541,1129
"2378","NB387",20171116,508,877
"2379","NB387",20170124,1055,1064
"2380","NB387",20170819,191,430
"2381","NB387",20171108,297,862
"2382","NB387",20170210,1181,1188
"2383","NB387",20170525,344,448
"2384","NB387",20170724,1002,1142
"2385","NB387",20170119,671,1153
"2386","NB387",20170818,568,1171
"2387","NB387",20170227,448,1093
"2388","NB387",20171021,71,630
"2389","NB387",20170625,366,647
"2390","NB387",20180418,734,867
"2391","NB387",20170810,662,1182
"2392","NB387",20180211,866,1185
"2393","NB387",20171029,420,1077
"2394","NB387",20170621,930,1168
"2395","NB387",20170122,971,1021
"2396","NB387",20170304,828,1189
"2397","NB387",20171204,212,884
"2398","NB387",20170714,447,986
"2399","NB387",20170417,555,742
"2400","NB387",20171023,368,719
"2401","NB387",20170303,205,356
"2402","J4ML1",20180114,873,928
"2403","J4ML1",20171104,1113,1165
"2404","J4ML1",20180226,324,814
"2405","J4ML1",20170112,224,832
"2406","J4ML1",20171221,520,715
"2407","J4ML1",20180103,28,925
"2408","J4ML1",20170421,840,1117
"2409","J4ML1",20170525,58,341
"2410","J4ML1",20171129,894,977
"2411","J4ML1",20180404,537,846
"2412","J4ML1",20170405,1059,1082
"2413","J4ML1",20170629,29,810
"2414","J4ML1",20180108,1184,1190
"2415","J4ML1",20170418,1200,1200
"2416","J4ML1",20170312,1126,1162
"2417","J4ML1",20170910,595,1089
"2418","J4ML1",20171013,988,1071
"2419","J4ML1",20170417,290,1168
"2420","J4ML1",20170319,1134,1176
"2421","MN1KI",20170312,974,1019
"2422","MN1KI",20170115,1001,1069
"2423","MN1KI",20170718,950,958
"2424","MN1KI",20180215,241,809
"2425","MN1KI",20171007,1058,1100
"2426","MN1KI",20170830,722,752
"2427","GE5Q8",20180207,198,992
"2428","GE5Q8",20170304,215,1000
"2429","GE5Q8",20180304,987,1084
"2430","GE5Q8",20170906,408,436
"2431","GE5Q8",20170514,90,534
"2432","GE5Q8",20170730,1063,1129
"2433","GE5Q8",20170509,689,1183
"2434","GE5Q8",20180311,311,362
"2435","GE5Q8",20180405,53,861
"2436","GE5Q8",20180109,367,959
"2437","GE5Q8",20171027,1066,1179
"2438","GE5Q8",20171026,194,489
"2439","GE5Q8",20170728,404,995
"2440","GE5Q8",20180221,1164,1180
"2441","GE5Q8",20170923,520,580
"2442","GE5Q8",20180208,114,693
"2443","GE5Q8",20170711,890,1012
"2444","GE5Q8",20170317,901,1040
"2445","GE5Q8",20170515,925,998
"2446","ALP65",20170327,783,1058
"2447","ALP65",20170721,1039,1045
"2448","ALP65",20180420,368,676
"2449","ALP65",20180216,1062,1134
"2450","ALP65",20170225,607,1162
"2451","ALP65",20170318,1199,1199
"2452","ALP65",20171215,142,707
"2453","ALP65",20170926,1110,1186
"2454","ALP65",20180311,292,719
"2455","ALP65",20170818,72,111
"2456","ALP65",20170930,387,1183
"2457","ALP65",20170628,267,598
"2458","ALP65",20170811,174,653
"2459","ALP65",20180409,4,43
"2460","ALP65",20170613,760,1039
"2461","ALP65",20171009,216,1196
"2462","ALP65",20180417,189,650
"2463","ALP65",20170629,126,1080
"2464","ALP65",20170305,1065,1109
"2465","ALP65",20170114,113,293
"2466","ALP65",20170816,33,41
"2467","ALP65",20171130,466,1172
"2468","0T622",20171017,881,1108
"2469","0T622",20171207,256,320
"2470","0T622",20170306,12,875
"2471","0T622",20180309,486,727
"2472","0T622",20171025,750,1162
"2473","0T622",20170519,1011,1179
"2474","0T622",20180313,321,589
"2475","0T622",20170507,96,855
"2476","0T622",20170817,1121,1131
"2477","0T622",20170113,576,682
"2478","0T622",20170421,1023,1156
"2479","0T622",20170208,1127,1164
"2480","0T622",20180205,648,978
"2481","8VM1U",20170219,23,191
"2482","8VM1U",20180427,818,943
"2483","8VM1U",20170905,965,1115
"2484","8VM1U",20171228,1157,1182
"2485","8VM1U",20180320,796,1107
"2486","8VM1U",20170130,472,1059
"2487","8VM1U",20180423,779,779
"2488","8VM1U",20171113,879,912
"2489","8VM1U",20170729,690,1116
"2490","8VM1U",20180404,1163,1195
"2491","8VM1U",20170902,165,1118
"2492","5SPT1",20180116,755,952
"2493","5SPT1",20170612,98,493
"2494","5SPT1",20170721,1193,1199
"2495","5SPT1",20170113,1037,1136
"2496","5SPT1",20180127,155,1178
"2497","5SPT1",20171121,995,1157
"2498","5SPT1",20170529,776,1188
"2499","5SPT1",20171114,590,894
"2500","5SPT1",20180316,890,1130
"2501","5SPT1",20171221,414,647
"2502","5SPT1",20180206,697,1102
"2503","5SPT1",20170325,634,999
"2504","5SPT1",20171123,100,704
"2505","5SPT1",20180125,1135,1177
"2506","5SPT1",20171122,25,1099
"2507","5SPT1",20171202,634,812
"2508","5SPT1",20170521,539,744
"2509","3S8Z0",20180319,80,1006
"2510","3S8Z0",20170305,287,489
"2511","3S8Z0",20170828,517,583
"2512","3S8Z0",20170210,815,948
"2513","3S8Z0",20180217,754,1167
"2514","3S8Z0",20170730,13,646
"2515","3S8Z0",20170711,451,1154
"2516","3S8Z0",20170112,485,1156
"2517","3S8Z0",20170103,303,686
"2518","3S8Z0",20170502,1110,1190
"2519","3S8Z0",20170421,415,436
"2520","3S8Z0",20180428,620,635
"2521","3S8Z0",20171003,216,1032
"2522","3S8Z0",20171012,676,841
"2523","3S8Z0",20180111,985,1098
"2524","3S8Z0",20180224,1029,1031
"2525","3S8Z0",20170717,191,1061
"2526","3S8Z0",20170922,759,949
"2527","3S8Z0",20171216,269,681
"2528","3S8Z0",20180426,701,918
"2529","3S8Z0",20180310,692,925
"2530","3S8Z0",20171027,812,920
"2531","3S8Z0",20180107,827,1125
"2532","3S8Z0",20180410,695,883
"2533","3S8Z0",20170415,1196,1200
"2534","3S8Z0",20180203,756,954
"2535","BL3KC",20171207,761,1161
"2536","BL3KC",20170403,693,1066
"2537","BL3KC",20170511,375,418
"2538","BL3KC",20171001,85,623
"2539","BL3KC",20171118,105,963
"2540","BL3KC",20171122,1071,1189
"2541","BL3KC",20170418,476,1086
"2542","BL3KC",20171109,420,1170
"2543","BL3KC",20170809,1063,1101
"2544","BL3KC",20180323,523,958
"2545","BL3KC",20180406,1177,1183
"2546","BL3KC",20170108,619,923
"2547","BL3KC",20180326,935,1099
"2548","BL3KC",20180411,225,598
"2549","BL3KC",20170502,503,835
"2550","BL3KC",20170330,600,938
"2551","BL3KC",20180211,306,417
"2552","BL3KC",20170312,1016,1089
"2553","BL3KC",20170814,832,844
"2554","BL3KC",20180111,479,992
"2555","BL3KC",20170308,883,1091
"2556","BL3KC",20171225,1152,1191
"2557","BL3KC",20170807,263,886
"2558","BL3KC",20170514,600,671
"2559","BL3KC",20171228,1093,1127
"2560","BL3KC",20170419,124,284
"2561","BL3KC",20171021,1108,1193
"2562","BL3KC",20180209,740,1176
"2563","BL3KC",20170505,773,955
"2564","36646",20171128,275,517
"2565","36646",20170610,1033,1199
"2566","36646",20170714,665,837
"2567","36646",20171102,905,942
"2568","36646",20180309,417,981
"2569","36646",20170116,1199,1200
"2570","CGQ1A",20170809,359,1128
"2571","CGQ1A",20170426,426,1074
"2572","CGQ1A",20180309,1129,1156
"2573","CGQ1A",20170918,67,230
"2574","CGQ1A",20171122,192,704
"2575","CGQ1A",20180104,555,1045
"2576","CGQ1A",20170702,414,672
"2577","CGQ1A",20170715,690,942
"2578","CGQ1A",20170603,1098,1104
"2579","CGQ1A",20180105,83,1105
"2580","CGQ1A",20171011,1150,1183
"2581","CGQ1A",20170823,183,874
"2582","CGQ1A",20170813,263,441
"2583","CGQ1A",20171213,24,254
"2584","CGQ1A",20170410,1100,1146
"2585","CGQ1A",20180128,726,770
"2586","CGQ1A",20170719,862,994
"2587","CGQ1A",20170923,1049,1079
"2588","CGQ1A",20170625,182,586
"2589","CGQ1A",20170110,675,1032
"2590","CGQ1A",20180209,878,1135
"2591","CGQ1A",20171202,1061,1107
"2592","CGQ1A",20170401,443,678
"2593","CGQ1A",20171119,525,1149
"2594","CGQ1A",20170318,223,1044
"2595","CGQ1A",20170428,154,195
"2596","4SC0G",20180212,765,1128
"2597","4SC0G",20170207,431,1058
"2598","4SC0G",20170608,326,1064
"2599","4SC0G",20170402,929,1160
"2600","4MK73",20170611,297,950
"2601","4MK73",20170814,871,1138
"2602","4MK73",20171113,1059,1132
"2603","82OO1",20170807,534,723
"2604","82OO1",20170831,749,850
"2605","82OO1",20170526,936,1021
"2606","82OO1",20170319,944,1117
"2607","82OO1",20170121,796,1111
"2608","82OO1",20170923,687,759
"2609","82OO1",20171124,864,1014
"2610","82OO1",20171129,195,272
"2611","82OO1",20170407,922,939
"2612","82OO1",20180216,486,958
"2613","2111X",20180402,75,134
"2614","2111X",20171211,215,1140
"2615","2111X",20180329,243,898
"2616","2111X",20170711,786,866
"2617","2111X",20170117,1102,1180
"2618","2111X",20170131,97,507
"2619","2111X",20170410,915,960
"2620","2111X",20170508,729,1085
"2621","2111X",20171115,1110,1126
"2622","2111X",20180329,444,923
"2623","2111X",20170613,789,883
"2624","2111X",20170412,323,331
"2625","2111X",20170622,224,388
"2626","2111X",20170629,1003,1081
"2627","2111X",20180219,541,893
"2628","2111X",20180403,1081,1171
"2629","11ZAK",20170526,648,928
"2630","11ZAK",20170307,567,567
"2631","11ZAK",20171124,144,449
"2632","11ZAK",20170314,864,990
"2633","11ZAK",20171126,1024,1031
"2634","11ZAK",20170808,669,908
"2635","11ZAK",20170916,702,911
"2636","11ZAK",20170423,1021,1065
"2637","11ZAK",20180329,733,744
"2638","11ZAK",20180112,337,467
"2639","11ZAK",20170618,256,409
"2640","11ZAK",20171224,468,521
"2641","11ZAK",20171020,451,833
"2642","11ZAK",20170820,1107,1166
"2643","11ZAK",20180409,549,795
"2644","11ZAK",20170630,201,739
"2645","11ZAK",20180110,334,618
"2646","11ZAK",20180408,1136,1161
"2647","11ZAK",20170125,836,843
"2648","HM6U8",20170815,212,396
"2649","HM6U8",20170722,942,968
"2650","HM6U8",20180115,525,800
"2651","HM6U8",20171109,292,1150
"2652","HM6U8",20171113,416,599
"2653","HM6U8",20170920,201,1123
"2654","HM6U8",20170304,328,1093
"2655","HM6U8",20171202,1143,1166
"2656","HM6U8",20170921,1009,1030
"2657","HM6U8",20170205,1043,1107
"2658","HM6U8",20180218,888,1089
"2659","HM6U8",20180419,846,1174
"2660","HM6U8",20170221,1114,1135
"2661","HM6U8",20170224,810,814
"2662","HM6U8",20170624,283,1038
"2663","HM6U8",20170616,192,293
"2664","HM6U8",20170903,335,403
"2665","HM6U8",20170221,634,761
"2666","2V137",20171003,923,1047
"2667","2V137",20170627,186,1177
"2668","2V137",20170924,428,914
"2669","2V137",20170204,737,873
"2670","2V137",20170223,542,849
"2671","2V137",20171118,416,636
"2672","2V137",20171017,151,180
"2673","2V137",20180130,296,787
"2674","2V137",20170118,239,579
"2675","2V137",20171004,1097,1198
"2676","2V137",20170702,409,844
"2677","2V137",20170715,905,927
"2678","2V137",20170909,448,590
"2679","2V137",20180304,321,1187
"2680","2V137",20180209,77,636
"2681","4KB72",20170403,745,829
"2682","4KB72",20170404,832,1057
"2683","4KB72",20180407,859,996
"2684","4KB72",20171126,969,1054
"2685","4KB72",20180318,415,829
"2686","4KB72",20170109,642,767
"2687","4KB72",20170412,511,1022
"2688","4KB72",20180303,313,830
"2689","4KB72",20170311,678,792
"2690","4KB72",20170824,274,1021
"2691","4KB72",20171223,1200,1200
"2692","4KB72",20170311,609,705
"2693","4KB72",20171128,25,846
"2694","4KB72",20180126,318,680
"2695","4KB72",20170814,110,1085
"2696","4KB72",20170913,242,638
"2697","4KB72",20170925,1001,1051
"2698","4KB72",20170227,1167,1197
"2699","4KB72",20170422,1016,1114
"2700","4KB72",20170630,408,885
"2701","48Z7A",20180109,1600,1730
"2702","48Z55",20180109,1530,1700
"2703","90081",20180109,1600,1700
